first_name,second_name,goals_scored,assists,total_points,minutes,goals_conceded,creativity,influence,threat,bonus,bps,ict_index,clean_sheets,red_cards,yellow_cards,selected_by_percent,now_cost,element_type
Fábio,Ferreira Vieira,0,0,0,0,0,0.0,0.0,0.0,0,0,0.0,0,0,0,0.0,54,MID
Gabriel,Fernando de Jesus,3,2,42,600,5,119.5,154.4,255.0,6,152,52.6,2,0,4,1.1,65,FWD
Gabriel,dos Santos Magalhães,3,2,117,2363,22,208.8,584.6,287.0,9,459,108.2,10,0,4,12.7,62,DEF
Kai,Havertz,9,3,96,1839,20,257.0,467.2,701.0,14,340,142.6,7,0,4,5.8,77,FWD
Karl,Hein,0,0,0,0,0,0.0,0.0,0.0,0,0,0.0,0,0,0,0.0,40,GK
Jurriën,Timber,1,3,114,2415,21,296.8,393.0,254.0,9,426,94.2,11,0,7,6.8,57,DEF
Jorge Luiz,Frello Filho,0,0,19,700,7,88.8,44.6,8.0,0,109,14.2,2,0,5,0.2,46,MID
Jakub,Kiwior,1,0,32,757,10,55.2,176.2,30.0,0,125,26.2,2,0,0,2.2,48,DEF
Gabriel,Martinelli Silva,7,4,111,1949,20,498.0,485.8,777.0,6,363,176.2,9,0,1,2.7,65,MID
Ethan,Nwaneri,4,2,63,804,3,231.7,278.2,228.0,4,232,73.8,4,0,1,1.8,44,MID
Martin,Ødegaard,2,6,90,2036,17,860.9,430.6,445.0,7,426,173.8,10,0,4,5.1,82,MID
David,Raya Martin,0,0,130,3060,29,0.7,685.4,0.0,9,512,68.7,12,0,2,31.7,56,GK
Declan,Rice,2,7,105,2570,27,900.1,616.8,333.0,12,547,184.6,10,1,5,3.5,62,MID
Bukayo,Saka,6,11,119,1450,17,725.2,566.4,715.0,18,478,200.6,6,0,3,19.7,104,MID
William,Saliba,2,0,127,2814,25,146.9,635.8,116.0,14,538,90.2,12,1,2,32.1,66,DEF
Thomas,Partey,4,3,99,2433,25,326.4,558.8,170.0,8,513,105.9,8,0,4,0.7,49,MID
Kieran,Tierney,0,0,15,174,0,90.5,40.4,13.0,0,63,14.5,1,0,0,0.1,43,DEF
Tomiyasu,Takehiro,0,0,1,6,0,0.3,0.4,9.0,0,2,1.0,0,0,0,0.0,48,DEF
Leandro,Trossard,8,6,136,2265,23,543.4,543.4,723.0,16,500,180.6,10,1,2,4.7,68,MID
Benjamin,White,0,1,37,853,8,108.4,165.8,64.0,0,150,33.8,4,0,2,2.2,61,DEF
Oleksandr,Zinchenko,0,1,36,443,0,63.3,55.0,53.0,2,122,17.0,4,0,1,0.9,48,DEF
Norberto,Murara Neto,0,0,7,180,2,0.0,77.8,0.0,0,30,7.8,0,0,0,0.7,41,GK
Raheem,Sterling,0,2,23,424,3,117.6,63.6,112.0,0,51,29.1,1,0,1,0.8,67,MID
Riccardo,Calafiori,2,1,37,921,12,116.2,249.6,174.0,1,133,53.9,1,0,4,1.2,58,DEF
Myles,Lewis-Skelly,1,0,30,1072,12,129.2,141.2,48.0,0,181,31.5,4,2,2,0.4,45,MID
Mikel,Merino,6,2,85,1391,13,241.1,411.4,449.0,8,301,110.1,4,0,2,2.8,61,MID
Salah-Eddine,Oulad M'hand,0,0,0,0,0,0.0,0.0,0.0,0,0,0.0,0,0,0,0.0,45,MID
Tommy,Setford,0,0,0,0,0,0.0,0.0,0.0,0,0,0.0,0,0,0,0.1,45,GK
Maldini,Kacurri,0,0,0,0,0,0.0,0.0,0.0,0,0,0.0,0,0,0,0.1,40,DEF
Ismeal,Kabia,0,0,0,0,0,0.0,0.0,0.0,0,0,0.0,0,0,0,0.0,45,MID
Josh,Nichols,0,0,0,0,0,0.0,0.0,0.0,0,0,0.0,0,0,0,0.1,40,DEF
Nathan,Butler-Oyedeji,0,0,1,6,0,0.0,3.0,17.0,0,5,2.0,0,0,0,0.2,45,FWD
Mikel,Arteta,0,0,81,0,0,0.0,0.0,0.0,0,0,0.0,0,0,0,2.4,15,AM
Jack,Porter,0,0,0,0,0,0.0,0.0,0.0,0,0,0.0,0,0,0,0.0,40,GK
Jimi,Gower,0,0,0,0,0,0.0,0.0,0.0,0,0,0.0,0,0,0,0.0,45,MID
Jack,Henry-Francis,0,0,0,0,0,0.0,0.0,0.0,0,0,0.0,0,0,0,0.0,45,MID
Leon,Bailey,1,2,46,1131,19,234.8,144.4,323.0,2,169,69.8,2,0,3,0.7,62,MID
Ross,Barkley,3,1,42,559,9,126.1,210.0,202.0,5,158,53.7,1,0,3,0.2,52,MID
Enzo,Barrenechea,0,0,0,0,0,0.0,0.0,0.0,0,0,0.0,0,0,0,0.0,49,MID
Emiliano,Buendía Stati,0,0,11,89,2,23.2,16.4,16.0,0,37,5.2,0,0,1,0.1,51,MID
Matty,Cash,1,1,63,1799,20,156.7,293.8,128.0,1,227,57.9,5,0,6,1.1,44,DEF
Leander,Dendoncker,0,0,0,0,0,0.0,0.0,0.0,0,0,0.0,0,0,0,0.2,45,MID
Moussa,Diaby,0,0,0,0,0,0.0,0.0,0.0,0,0,0.0,0,0,0,0.0,65,MID
Diego Carlos,Santos Silva,0,0,21,828,15,9.2,150.6,54.0,1,69,21.5,2,0,1,0.3,45,DEF
Lucas,Digne,0,5,82,2258,36,568.2,488.8,112.0,6,356,116.8,5,0,4,6.0,45,DEF
Lewis,Dobbin,0,0,0,0,0,0.0,0.0,0.0,0,0,0.0,0,0,0,0.0,50,MID
Jhon,Durán,7,0,53,622,14,68.9,273.8,334.0,9,222,67.5,2,1,3,1.6,57,FWD
Joe,Gauci,0,0,0,0,0,0.0,0.0,0.0,0,0,0.0,0,0,0,0.5,40,GK
Kortney,Hause,0,0,0,0,0,0.0,0.0,0.0,0,0,0.0,0,0,0,0.5,39,DEF
Samuel,Iling-Junior,0,0,0,0,0,0.0,0.0,0.0,0,0,0.0,0,0,0,0.0,54,MID
Boubacar,Kamara,0,0,42,1457,21,165.1,264.6,42.0,1,243,47.3,4,0,2,0.0,50,MID
Kaine,Kesler-Hayden,0,0,0,0,0,0.0,0.0,0.0,0,0,0.0,0,0,0,0.0,40,DEF
Ezri,Konsa Ngoyo,1,0,82,2666,43,108.4,434.8,116.0,7,381,66.0,6,0,0,8.1,44,DEF
Ian,Maatsen,1,2,49,944,14,271.4,234.6,177.0,0,185,68.4,2,0,2,1.5,45,DEF
Filip,Marschall,0,0,0,0,0,0.0,0.0,0.0,0,0,0.0,0,0,0,0.0,40,GK
Emiliano,Martínez Romero,0,0,97,2970,45,20.0,733.8,0.0,2,409,75.5,6,0,4,12.6,50,GK
John,McGinn,1,4,71,2047,34,428.2,245.2,241.0,1,338,91.2,6,0,7,0.7,52,MID
Tyrone,Mings,0,1,41,1050,11,48.5,214.6,70.0,5,185,33.5,3,0,1,0.2,44,DEF
Kosta,Nedeljković,0,0,5,121,4,7.2,22.8,0.0,0,11,3.0,0,0,0,0.5,39,DEF
Robin,Olsen,0,0,8,180,4,0.0,37.0,0.0,0,21,3.7,1,0,0,0.1,45,GK
Pau,Torres,0,0,47,1819,31,66.9,302.0,98.0,2,223,46.9,4,0,1,0.8,42,DEF
Jacob,Ramsey,1,4,65,1510,24,273.5,226.8,225.0,3,261,72.4,4,0,2,0.3,54,MID
Morgan,Rogers,8,9,148,2854,39,631.8,659.8,652.0,15,492,194.4,8,0,9,24.9,57,MID
Viljami,Sinisalo,0,0,0,0,0,0.0,0.0,0.0,0,0,0.0,0,0,0,0.0,40,GK
Lino,da Cruz Sousa,0,0,0,0,0,0.0,0.0,0.0,0,0,0.0,0,0,0,0.0,40,DEF
Youri,Tielemans,3,7,117,2997,44,944.0,753.0,303.0,12,681,200.0,7,0,4,1.3,55,MID
Ollie,Watkins,15,7,170,2328,38,314.6,703.2,1033.0,29,577,203.1,8,0,2,19.0,89,FWD
Axel,Disasi,1,0,33,851,12,75.6,169.6,51.0,0,133,29.7,3,0,3,0.4,42,DEF
Amadou,Onana,3,0,56,1374,23,142.6,307.2,209.0,5,269,66.1,3,0,4,2.1,48,MID
Marcus,Rashford,6,4,95,1414,15,451.1,398.4,369.0,9,333,122.1,7,0,2,5.3,67,MID
Lamare,Bogarde,0,0,6,473,11,33.3,84.8,15.0,0,22,13.3,0,0,2,0.2,39,DEF
Sil,Swinkels,0,0,0,0,0,0.0,0.0,0.0,0,0,0.0,0,0,0,0.1,40,DEF
Oliwier,Zych,0,0,0,0,0,0.0,0.0,0.0,0,0,0.0,0,0,0,0.5,40,GK
Kadan,Young,0,0,0,0,0,0.0,0.0,0.0,0,0,0.0,0,0,0,0.2,44,MID
Ben,Broggio,0,0,0,0,0,0.0,0.0,0.0,0,0,0.0,0,0,0,0.0,45,MID
Jamaldeen,Jimoh,0,0,0,0,0,0.0,0.0,0.0,0,0,0.0,0,0,0,0.0,45,MID
Donyell,Malen,3,0,32,286,5,31.4,134.8,159.0,3,107,32.2,0,0,0,0.3,53,MID
Andrés,García,0,0,8,316,5,68.4,45.6,7.0,0,26,12.0,0,0,0,0.1,45,DEF
Unai,Emery,0,0,86,0,0,0.0,0.0,0.0,0,0,0.0,0,0,0,4.7,8,AM
Marco,Asensio,3,2,38,536,8,174.4,180.4,213.0,6,136,56.9,1,0,1,3.2,62,MID
Max,Aarons,0,0,8,84,0,3.2,13.2,0.0,0,31,1.7,1,0,0,0.1,43,DEF
Tyler,Adams,0,3,49,1614,25,215.9,367.4,79.0,1,256,66.4,5,0,7,0.1,49,MID
Jaidon,Anthony,0,0,0,0,0,0.0,0.0,0.0,0,0,0.0,0,0,0,0.1,45,MID
David,Brooks,2,1,46,798,11,253.1,167.4,235.0,2,181,64.9,2,0,3,0.0,49,MID
Ryan,Christie,2,3,76,2114,28,576.8,514.0,303.0,5,435,139.6,8,0,9,0.1,49,MID
Lewis,Cook,1,4,79,2724,39,706.0,581.0,112.0,3,477,140.0,5,0,8,0.2,50,MID
Enes,Ünal,2,1,32,330,3,56.1,104.0,207.0,4,97,35.9,2,0,2,0.1,54,FWD
Romain,Faivre,0,0,0,0,0,0.0,0.0,0.0,0,0,0.0,0,0,0,0.0,50,MID
Hamed,Traorè,0,0,0,0,0,0.0,0.0,0.0,0,0,0.0,0,0,0,0.0,45,MID
James,Hill,0,1,17,443,9,38.4,97.0,29.0,0,55,16.6,1,0,1,0.5,39,DEF
Daniel,Jebbison,0,0,11,66,1,37.8,21.0,38.0,0,35,9.7,0,0,1,1.0,45,FWD
Milos,Kerkez,2,6,123,2987,41,553.6,655.8,209.0,10,499,141.8,8,0,4,17.7,53,DEF
Justin,Kluivert,12,6,151,2095,26,635.2,692.6,701.0,14,511,202.8,12,0,8,11.2,60,MID
Chris,Mepham,0,0,0,0,0,0.0,0.0,0.0,0,0,0.0,0,0,0,0.0,44,DEF
Dango,Ouattara,7,4,110,1925,22,460.8,607.0,752.0,7,421,181.6,7,0,2,1.4,46,MID
Alex,Paulsen,0,0,0,0,0,0.0,0.0,0.0,0,0,0.0,0,0,0,0.0,40,GK
Philip,Billing,0,0,10,176,4,102.4,54.0,47.0,0,52,20.4,0,0,1,0.0,48,MID
Alex,Scott,0,0,24,674,7,138.9,126.4,107.0,0,122,37.3,3,0,2,0.0,47,MID
Antoine,Semenyo,9,6,141,2907,37,645.6,697.4,1111.0,11,509,244.7,10,0,9,7.1,57,MID
Marcos,Senesi,0,0,24,1012,17,81.1,251.4,29.0,3,91,36.3,1,0,5,0.3,46,DEF
Luis,Sinisterra,1,1,23,229,4,115.3,112.0,195.0,2,90,42.3,0,0,0,0.1,48,MID
Adam,Smith,0,0,49,1406,16,130.5,170.4,20.0,0,140,31.8,5,0,6,0.1,44,DEF
Marcus,Tavernier,3,6,75,1572,24,539.6,402.8,395.0,3,287,133.7,3,0,5,0.2,54,MID
Mark,Travers,0,0,19,450,5,0.0,146.4,0.0,1,76,14.6,1,0,0,0.1,44,GK
Illia,Zabarnyi,0,0,79,2752,37,155.0,565.2,60.0,6,365,78.3,7,1,3,0.5,44,DEF
Kepa,Arrizabalaga,0,0,94,2430,34,10.4,672.2,4.0,7,364,68.5,7,0,3,3.1,46,GK
Dean,Huijsen,2,1,91,2140,26,195.2,702.6,160.0,14,399,105.7,7,0,8,4.1,45,DEF
Julián,Araujo Zúñiga,0,0,9,358,7,10.2,41.8,4.0,0,14,5.7,0,0,1,0.1,43,DEF
Will,Dennis,0,0,0,0,0,0.0,0.0,0.0,0,0,0.0,0,0,0,0.3,39,GK
Francisco Evanilson,de Lima Barbosa,9,5,116,1969,26,293.1,420.8,856.0,19,443,156.6,10,1,0,3.7,58,FWD
Max,Kinsey,0,0,0,0,0,0.0,0.0,0.0,0,0,0.0,0,0,0,0.0,40,DEF
Ben,Winterburn,0,0,3,21,0,0.2,2.4,2.0,0,11,0.4,0,0,0,0.0,45,MID
Archie,Harris,0,0,0,0,0,0.0,0.0,0.0,0,0,0.0,0,0,0,0.0,40,DEF
Remy,Rees-Dottin,0,0,1,1,0,0.0,0.0,0.0,0,3,0.0,0,0,0,0.1,45,FWD
Matai,Akinmboni,0,0,0,0,0,0.0,0.0,0.0,0,0,0.0,0,0,0,0.0,40,DEF
Julio,Soler,0,0,1,1,0,0.0,2.0,0.0,0,6,0.2,0,0,0,0.0,39,DEF
Daniel,Adu-Adjei,0,0,0,0,0,0.0,0.0,0.0,0,0,0.0,0,0,0,0.0,45,FWD
Dominic,Sadi,0,0,0,0,0,0.0,0.0,0.0,0,0,0.0,0,0,0,0.0,45,MID
Callan,McKenna,0,0,0,0,0,0.0,0.0,0.0,0,0,0.0,0,0,0,0.0,40,GK
Zain,Silcott-Duberry,0,0,1,1,0,1.0,2.0,0.0,0,5,0.3,0,0,0,0.0,45,MID
Andoni,Iraola,0,0,53,0,0,0.0,0.0,0.0,0,0,0.0,0,0,0,1.3,11,AM
Kristoffer,Ajer,0,0,38,1393,21,126.1,195.2,146.0,0,127,46.8,3,0,5,0.2,44,DEF
Ethan,Brierley,0,0,0,0,0,0.0,0.0,0.0,0,0,0.0,0,0,0,0.1,44,MID
Nathan,Collins,2,7,115,3060,50,157.2,936.4,303.0,9,505,139.8,7,0,5,3.4,45,DEF
Mikkel,Damsgaard,2,9,119,2578,36,912.7,666.8,320.0,10,549,189.9,10,0,2,1.2,49,MID
Josh,Dasilva,0,0,0,0,0,0.0,0.0,0.0,0,0,0.0,0,0,0,0.0,48,MID
Mark,Flekken,0,2,123,2915,48,30.3,1182.6,0.0,10,538,120.9,6,0,1,9.3,44,GK
Rico,Henry,0,0,3,62,1,0.5,5.6,0.0,0,2,0.6,0,0,0,0.0,43,DEF
Aaron,Hickey,0,0,0,0,0,0.0,0.0,0.0,0,0,0.0,0,0,0,0.0,43,DEF
Vitaly,Janelt,1,3,73,2251,38,284.2,356.6,131.0,2,384,77.2,6,0,3,0.2,48,MID
Mathias,Jensen,0,2,34,781,15,225.4,148.0,32.0,1,167,40.8,2,0,2,0.1,53,MID
Kim,Ji-soo,0,0,3,28,0,0.8,5.0,0.0,0,8,0.6,0,0,0,0.3,39,DEF
Yunus Emre,Konak,0,0,9,52,2,4.4,8.0,3.0,0,27,1.2,0,0,0,0.1,44,MID
Keane,Lewis-Potter,1,5,86,2757,44,396.2,500.0,379.0,0,424,127.8,7,0,6,0.1,50,MID
Bryan,Mbeumo,18,7,212,3055,48,1019.1,1098.2,921.0,28,859,304.2,8,0,3,42.0,82,MID
Ben,Mee,0,0,9,180,4,3.0,36.8,6.0,0,30,4.6,1,0,2,0.3,42,DEF
Christian,Nørgaard,5,2,88,2460,38,290.8,641.4,323.0,4,496,125.6,5,1,6,0.2,48,MID
Frank,Onyeka,0,0,2,23,0,0.5,0.0,0.0,0,3,0.0,0,0,0,0.0,49,MID
Myles,Peart-Harris,0,0,0,0,0,0.0,0.0,0.0,0,0,0.0,0,0,0,0.0,45,MID
Ethan,Pinnock,2,0,47,1912,35,101.2,540.2,193.0,0,233,83.6,2,0,2,0.3,44,DEF
Mads,Roerslev Rasmussen,0,2,36,1100,20,185.8,214.4,78.0,0,125,48.0,2,0,2,0.1,43,DEF
Kevin,Schade,8,4,120,1985,29,275.2,493.4,681.0,7,406,144.7,9,0,3,0.7,51,MID
Igor Thiago,Nascimento Rodrigues,0,0,5,129,2,27.9,10.8,6.0,0,20,4.2,0,0,0,0.0,59,FWD
Ivan,Toney,0,0,0,0,0,0.0,0.0,0.0,0,0,0.0,0,0,0,1.1,73,FWD
Hákon,Valdimarsson,0,0,2,144,2,0.1,21.4,0.0,0,14,2.1,0,0,0,3.2,39,GK
Yoane,Wissa,16,5,166,2561,38,342.9,755.8,1001.0,29,661,209.3,8,0,2,16.7,67,FWD
Yehor,Yarmoliuk,0,0,35,1114,20,166.3,204.4,89.0,0,207,45.9,2,0,5,2.2,43,MID
Mathias,Jorgensen,0,0,0,0,0,0.0,0.0,0.0,0,0,0.0,0,0,0,0.0,45,DEF
Fábio,Freitas Gouveia Carvalho,2,1,35,443,14,71.5,142.2,154.0,1,127,36.3,0,0,1,0.4,45,MID
Sepp,van den Berg,0,1,53,2224,42,86.1,520.2,189.0,1,217,79.6,4,0,2,1.4,41,DEF
Ryan,Trevitt,0,0,1,3,0,0.1,2.6,0.0,0,5,0.3,0,0,0,0.0,44,MID
Gustavo,Nunes Fernandes Gomes,0,0,2,2,0,0.0,2.0,0.0,0,6,0.2,0,0,0,0.0,49,MID
Jayden,Meghoma,0,0,1,4,0,0.3,0.2,0.0,0,3,0.1,0,0,0,0.0,40,DEF
Tony,Yogane,0,0,0,0,0,0.0,0.0,0.0,0,0,0.0,0,0,0,0.0,45,MID
Paris,Maghoma,0,0,8,112,1,15.8,27.8,10.0,0,32,5.4,0,0,0,0.0,45,MID
Benjamin,Arthur,0,0,0,0,0,0.0,0.0,0.0,0,0,0.0,0,0,0,0.0,40,DEF
Thomas,Frank,0,0,91,0,0,0.0,0.0,0.0,0,0,0.0,0,0,0,8.1,8,AM
Michael,Kayode,0,0,13,206,2,27.2,40.8,16.0,0,50,8.5,1,0,1,0.0,45,DEF
Julian,Eyestone,0,0,0,0,0,0.0,0.0,0.0,0,0,0.0,0,0,0,0.0,40,GK
Iwan,Morgan,0,0,0,0,0,0.0,0.0,0.0,0,0,0.0,0,0,0,0.0,45,FWD
Benjamin,Fredrick,0,0,0,0,0,0.0,0.0,0.0,0,0,0.0,0,0,0,0.0,40,DEF
Simon,Adingra,2,2,50,873,20,208.2,186.4,277.0,0,176,67.2,1,0,0,0.3,51,MID
Benicio,Baker-Boaitey,0,0,0,0,0,0.0,0.0,0.0,0,0,0.0,0,0,0,0.0,45,MID
Carlos,Baleba,3,1,78,2312,36,312.7,468.4,183.0,7,433,96.5,7,1,6,0.2,50,MID
Valentín,Barco,0,0,0,0,0,0.0,0.0,0.0,0,0,0.0,0,0,0,1.9,40,DEF
Amario,Cozier-Duberry,0,0,0,0,0,0.0,0.0,0.0,0,0,0.0,0,0,0,0.0,45,MID
Mahmoud,Dahoud,0,0,0,0,0,0.0,0.0,0.0,0,0,0.0,0,0,0,0.0,49,MID
Lewis,Dunk,0,1,42,1991,41,114.3,406.4,128.0,0,211,64.9,4,0,5,2.4,42,DEF
Pervis,Estupiñán,1,1,53,2129,41,499.2,426.2,141.0,6,260,106.7,2,0,5,1.3,49,DEF
Billy,Gilmour,0,0,3,97,1,11.9,11.4,2.0,0,21,2.5,0,0,0,0.0,50,MID
Pascal,Groß,0,0,0,0,0,0.0,0.0,0.0,0,0,0.0,0,0,0,0.0,65,MID
Jack,Hinshelwood,2,3,64,1674,29,237.4,283.8,160.0,5,304,68.5,5,0,5,0.1,49,MID
Ibrahim,Osman,0,0,0,0,0,0.0,0.0,0.0,0,0,0.0,0,0,0,0.0,50,MID
Igor Julio,dos Santos de Paulo,0,0,17,900,16,40.5,182.2,4.0,0,103,22.7,1,0,4,0.1,43,DEF
João Pedro,Junqueira de Jesus,10,6,126,1946,28,456.0,567.0,644.0,26,516,166.0,6,1,4,9.6,55,FWD
Kacper,Kozłowski,0,0,0,0,0,0.0,0.0,0.0,0,0,0.0,0,0,0,0.0,45,MID
Tariq,Lamptey,2,2,40,762,20,95.1,192.0,48.0,1,99,33.6,2,0,0,0.2,44,DEF
Solly,March,0,0,7,161,3,59.6,24.0,18.0,0,25,10.1,0,0,2,0.0,65,MID
Adrian,Mazilu,0,0,0,0,0,0.0,0.0,0.0,0,0,0.0,0,0,0,0.0,45,MID
James,Milner,0,0,5,169,1,66.3,28.6,12.0,0,24,10.7,1,0,1,0.0,50,MID
Yankuba,Minteh,5,5,86,1489,29,378.0,456.8,500.0,6,346,133.8,3,0,6,1.0,48,MID
Mitoma,Kaoru,9,4,134,2517,40,541.8,607.8,808.0,12,493,196.0,6,0,1,7.0,64,MID
Jakub,Moder,0,0,4,9,0,36.0,15.8,2.0,0,17,5.4,0,0,0,0.4,44,MID
Mark,O’Mahony,0,0,0,0,0,0.0,0.0,0.0,0,0,0.0,0,0,0,0.2,45,FWD
Odeluga,Offiah,0,0,0,0,0,0.0,0.0,0.0,0,0,0.0,0,0,0,0.1,40,DEF
Cameron,Peupion,0,0,0,0,0,0.0,0.0,0.0,0,0,0.0,0,0,0,0.0,44,MID
Jeremy,Sarmiento Morante,0,0,1,8,0,0.8,0.2,0.0,0,3,0.1,0,0,0,0.0,49,MID
Jason,Steele,0,0,9,180,1,0.0,40.4,0.0,1,46,4.1,1,0,0,0.7,40,GK
Deniz,Undav,0,0,0,0,0,0.0,0.0,0.0,0,0,0.0,0,0,0,0.0,55,FWD
Jan Paul,van Hecke,1,1,75,2600,43,230.2,658.4,172.0,6,348,106.2,6,1,6,0.7,45,DEF
Joël,Veltman,0,0,58,1642,23,143.8,269.2,59.0,7,247,47.4,6,0,4,1.1,43,DEF
Bart,Verbruggen,0,1,88,2880,54,10.0,753.6,0.0,5,312,76.3,6,0,5,2.7,46,GK
Adam,Webster,0,0,26,615,8,41.2,155.8,31.0,0,121,22.7,3,0,0,0.1,43,DEF
Danny,Welbeck,9,4,110,1846,34,254.7,475.8,593.0,18,413,132.5,6,0,4,6.3,55,FWD
Mats,Wieffer,1,3,40,680,19,176.2,230.4,109.0,4,171,51.2,1,0,4,0.1,47,MID
Brajan,Gruda,0,3,30,497,12,181.2,123.8,116.0,0,104,41.7,1,0,0,0.0,54,MID
Yasin,Ayari,1,1,60,1729,24,462.9,316.6,231.0,1,311,101.0,6,0,4,0.0,50,MID
Andrew,Moran,0,0,0,0,0,0.0,0.0,0.0,0,0,0.0,0,0,0,0.0,50,MID
Carl,Rushworth,0,0,0,0,0,0.0,0.0,0.0,0,0,0.0,0,0,0,0.1,39,GK
Georginio,Rutter,5,6,95,1651,29,281.8,355.4,404.0,1,288,103.0,6,0,2,0.3,50,MID
Ferdi,Kadioglu,1,0,19,385,8,83.7,116.4,40.0,0,59,24.0,2,0,1,0.1,44,DEF
Matt,O'Riley,1,2,37,750,19,255.0,148.0,181.0,2,158,58.3,2,0,1,0.0,55,MID
Imari,Samuels,0,0,0,0,0,0.0,0.0,0.0,0,0,0.0,0,0,0,0.0,40,DEF
Killian,Cahill,0,0,0,0,0,0.0,0.0,0.0,0,0,0.0,0,0,0,0.9,39,GK
Ruairi,McConville,0,0,0,0,0,0.0,0.0,0.0,0,0,0.0,0,0,0,0.0,40,DEF
Jacob,Slater,0,0,0,0,0,0.0,0.0,0.0,0,0,0.0,0,0,0,0.0,40,DEF
Diego,Gómez,0,0,16,434,13,98.4,67.6,18.0,0,79,18.5,0,0,0,0.0,55,MID
Fabian,Hürzeler,0,0,71,0,0,0.0,0.0,0.0,0,0,0.0,0,0,0,0.7,11,AM
Joe,Knight,0,0,0,0,0,0.0,0.0,0.0,0,0,0.0,0,0,0,0.0,45,MID
Eiran,Cashin,0,0,1,19,2,0.6,7.0,0.0,0,-2,0.7,0,0,0,0.0,45,DEF
Charlie,Tasker,0,0,0,0,0,0.0,0.0,0.0,0,0,0.0,0,0,0,0.0,40,DEF
Freddie,Simmonds,0,0,0,0,0,0.0,0.0,0.0,0,0,0.0,0,0,0,0.0,40,DEF
Harry,Howell,0,0,0,0,0,0.0,0.0,0.0,0,0,0.0,0,0,0,0.0,45,MID
Andrey,Nascimento dos Santos,0,0,0,0,0,0.0,0.0,0.0,0,0,0.0,0,0,0,0.0,45,MID
Ângelo Gabriel,Borges Damaceno,0,0,0,0,0,0.0,0.0,0.0,0,0,0.0,0,0,0,0.1,45,MID
Benoît,Badiashile,0,0,7,332,5,12.6,66.0,0.0,0,35,7.9,0,0,0,0.1,42,DEF
Lucas,Bergström,0,0,0,0,0,0.0,0.0,0.0,0,0,0.0,0,0,0,0.2,39,GK
Marcus,Bettinelli,0,0,0,0,0,0.0,0.0,0.0,0,0,0.0,0,0,0,0.4,39,GK
Moisés,Caicedo Corozo,1,3,85,2991,39,525.6,562.0,82.0,3,572,116.9,10,0,10,1.0,49,MID
Cesare,Casadei,0,0,0,0,0,0.0,0.0,0.0,0,0,0.0,0,0,0,0.1,44,MID
Trevoh,Chalobah,3,1,90,1805,23,121.8,468.4,218.0,11,359,81.1,6,0,2,0.8,44,DEF
Carney,Chukwuemeka,0,0,0,0,0,0.0,0.0,0.0,0,0,0.0,0,0,0,0.0,47,MID
Levi,Colwill,1,1,86,2790,38,210.4,598.6,152.0,3,375,96.3,8,0,8,2.6,44,DEF
Marc,Cucurella Saseta,4,2,107,2628,35,328.1,556.2,322.0,9,432,120.9,7,1,8,10.6,54,DEF
David Datro,Fofana,0,0,0,0,0,0.0,0.0,0.0,0,0,0.0,0,0,0,0.1,54,FWD
Deivid Washington,de Souza Eugênio,0,0,0,0,0,0.0,0.0,0.0,0,0,0.0,0,0,0,0.1,49,FWD
Kiernan,Dewsbury-Hall,0,1,17,253,3,47.4,55.4,21.0,1,67,12.4,0,0,0,0.1,55,MID
Enzo,Fernández,5,8,119,2586,34,1049.5,688.6,466.0,9,616,220.6,8,0,7,3.7,47,MID
Conor,Gallagher,0,0,0,0,0,0.0,0.0,0.0,0,0,0.0,0,0,0,0.1,59,MID
Alfie,Gilchrist,0,0,0,0,0,0.0,0.0,0.0,0,0,0.0,0,0,0,0.0,40,DEF
Malo,Gusto,0,1,56,1813,24,367.4,318.6,145.0,2,271,83.2,4,0,4,1.4,49,DEF
Reece,James,1,1,36,830,13,180.9,161.8,45.0,4,164,38.9,1,0,1,1.0,48,DEF
Omari,Kellyman,0,0,0,0,0,0.0,0.0,0.0,0,0,0.0,0,0,0,0.1,43,MID
Roméo,Lavia,0,1,19,604,10,114.3,101.0,5.0,0,94,22.2,2,0,4,0.4,45,MID
Romelu,Lukaku Bolingoli,0,0,0,0,0,0.0,0.0,0.0,0,0,0.0,0,0,0,0.2,63,FWD
Malang,Sarr,0,0,0,0,0,0.0,0.0,0.0,0,0,0.0,0,0,0,0.0,45,DEF
Noni,Madueke,7,5,111,1718,26,414.0,459.6,936.0,12,399,181.1,4,0,3,3.1,60,MID
Marc,Guiu Paz,0,0,3,71,2,11.8,4.4,6.0,0,11,2.2,0,0,0,0.5,47,FWD
Mykhailo,Mudryk,0,0,7,145,2,31.5,23.2,31.0,0,26,8.5,0,0,0,0.2,61,MID
Nicolas,Jackson,10,6,121,2114,22,365.3,536.0,936.0,17,421,182.6,10,0,7,6.7,77,FWD
Christopher,Nkunku,3,2,60,904,16,204.9,230.2,339.0,5,190,77.1,2,0,2,2.0,57,MID
Cole,Palmer,14,10,197,2833,38,1140.5,974.6,947.0,32,867,306.3,8,0,6,34.0,105,MID
Đorđe,Petrović,0,0,0,0,0,0.0,0.0,0.0,0,0,0.0,0,0,0,0.1,44,GK
Renato,Palma Veiga,0,0,7,176,2,9.2,30.4,19.0,0,22,5.9,1,0,2,0.1,44,MID
Robert,Sánchez,0,0,110,2520,31,20.0,684.8,0.0,11,408,70.4,8,0,5,6.4,45,GK
Tosin,Adarabioyo,1,1,57,1223,14,47.3,309.8,88.0,4,244,44.8,5,0,3,0.4,42,DEF
Wesley,Fofana,0,0,26,1172,13,85.0,200.2,33.0,2,162,31.9,2,0,7,0.2,43,DEF
Jadon,Sancho,3,5,82,1660,22,484.9,321.2,389.0,3,353,119.3,6,0,1,1.0,62,MID
Pedro,Lomba Neto,4,4,88,1915,22,694.7,444.4,482.0,9,384,162.2,6,0,8,1.3,61,MID
Caleb,Wiley,0,0,0,0,0,0.0,0.0,0.0,0,0,0.0,0,0,0,0.0,40,DEF
Filip,Jørgensen,0,0,18,540,9,0.0,157.6,0.0,0,59,15.9,1,0,0,0.5,42,GK
João,Félix Sequeira,1,2,24,362,4,95.4,88.0,141.0,0,90,32.3,1,0,2,0.4,59,MID
Samuel,Rak-Sakyi,0,0,0,0,0,0.0,0.0,0.0,0,0,0.0,0,0,0,0.0,45,MID
Tyrique,George,1,1,14,97,0,62.2,66.0,30.0,0,51,15.7,0,0,1,0.0,45,MID
Josh,Acheampong,0,0,4,168,3,2.5,13.6,13.0,0,8,2.9,0,0,1,0.1,40,DEF
Enzo,Maresca,0,0,67,0,0,0.0,0.0,0.0,0,0,0.0,0,0,0,0.9,15,AM
Mathis,Amougou,0,0,1,7,0,0.9,1.0,0.0,0,2,0.2,0,0,0,0.0,45,MID
Aaron,Anselmino,0,0,0,0,0,0.0,0.0,0.0,0,0,0.0,0,0,0,0.0,40,DEF
Shumaira,Mheuka,0,0,1,1,0,0.0,3.0,17.0,0,5,2.0,0,0,0,0.0,45,FWD
Ishé,Samuels-Smith,0,0,0,0,0,0.0,0.0,0.0,0,0,0.0,0,0,0,0.0,40,DEF
Genesis,Antwi,0,0,0,0,0,0.0,0.0,0.0,0,0,0.0,0,0,0,0.0,40,DEF
Eddie,Nketiah,1,2,38,866,14,142.6,117.2,387.0,1,130,64.3,2,1,3,0.6,59,FWD
Ben,Chilwell,0,0,5,135,2,27.6,37.0,10.0,0,21,7.5,0,0,1,0.5,46,DEF
Naouirou,Ahamada,0,0,0,0,0,0.0,0.0,0.0,0,0,0.0,0,0,0,0.1,45,MID
Cheick,Doucouré,0,1,19,443,6,25.7,58.6,23.0,0,71,10.8,1,0,1,0.0,48,MID
Chris,Richards,1,1,57,1561,27,39.5,394.4,139.0,2,205,57.1,6,1,2,0.2,44,DEF
Chadi,Riad Dnanou,0,0,1,90,2,1.3,18.2,0.0,0,3,2.0,0,0,0,0.0,43,DEF
Nathaniel,Clyne,0,0,18,477,11,51.8,66.6,8.0,0,48,12.4,1,0,1,0.1,43,DEF
Malcolm,Ebiowei,0,0,0,0,0,0.0,0.0,0.0,0,0,0.0,0,0,0,0.0,45,MID
Eberechi,Eze,4,8,113,2338,33,762.3,532.0,605.0,9,481,189.9,8,0,1,12.4,69,MID
Marc,Guéhi,3,2,107,2879,41,192.6,771.6,228.0,10,445,119.1,10,1,7,6.3,47,DEF
Dean,Henderson,0,0,123,3060,47,20.0,788.8,4.0,8,419,81.1,10,0,3,12.5,46,GK
Rob,Holding,0,0,0,0,0,0.0,0.0,0.0,0,0,0.0,0,0,0,0.1,42,DEF
Will,Hughes,0,4,59,1862,29,407.7,309.6,76.0,3,250,78.1,8,0,11,0.0,49,MID
Daichi,Kamada,0,0,40,1321,25,287.7,192.6,129.0,0,200,61.3,3,1,3,0.1,51,MID
Jefferson,Lerma Solís,0,1,51,2027,33,170.3,331.8,173.0,2,288,67.3,5,0,8,0.1,48,MID
Jean-Philippe,Mateta,14,2,144,2438,36,380.8,647.8,701.0,27,558,172.5,8,0,2,13.4,77,FWD
Matheus,França de Oliveira,1,0,7,24,0,0.6,36.6,40.0,0,27,7.8,0,0,0,0.2,44,MID
Remi,Matthews,0,0,0,0,0,0.0,0.0,0.0,0,0,0.0,0,0,0,0.5,39,GK
Tyrick,Mitchell,0,4,107,2850,44,507.6,563.6,135.0,4,389,120.9,11,0,2,2.1,48,DEF
Daniel,Muñoz,4,5,127,2869,42,546.8,718.4,450.0,7,428,171.6,10,0,9,20.6,53,DEF
David,Ozoh,0,0,0,0,0,0.0,0.0,0.0,0,0,0.0,0,0,0,0.0,45,MID
Jesurun,Rak-Sakyi,0,0,0,0,0,0.0,0.0,0.0,0,0,0.0,0,0,0,0.0,45,MID
Jeffrey,Schlupp,0,0,12,95,3,42.9,22.8,46.0,0,43,11.0,0,0,0,0.0,46,MID
Joel,Ward,0,0,1,1,0,0.0,0.0,0.0,0,3,0.0,0,0,0,0.1,43,DEF
Adam,Wharton,0,2,39,1254,21,364.4,255.4,66.0,0,230,68.6,3,0,2,0.1,47,MID
Matt,Turner,0,0,0,0,0,0.0,0.0,0.0,0,0,0.0,0,0,0,7.5,39,GK
Ismaïla,Sarr,7,5,127,2389,35,528.0,572.2,738.0,12,468,183.8,9,0,4,8.0,57,MID
Franco,Umeh-Chibueze,0,0,0,0,0,0.0,0.0,0.0,0,0,0.0,0,0,0,0.0,44,MID
Justin,Devenny,1,0,28,418,6,90.0,101.4,66.0,1,102,25.9,0,0,1,0.1,45,MID
Asher,Agbinone,0,0,2,4,0,10.6,4.0,1.0,0,4,1.5,0,0,0,0.0,45,MID
Kaden,Rodney,0,0,0,0,0,0.0,0.0,0.0,0,0,0.0,0,0,0,0.0,45,MID
Maxence,Lacroix,1,2,103,2756,41,85.2,637.6,233.0,9,420,95.5,10,0,5,1.0,45,DEF
Caleb,Kporha,0,0,2,11,1,4.6,8.0,0.0,0,1,1.3,0,0,0,0.0,40,DEF
Zach,Marsh,0,0,0,0,0,0.0,0.0,0.0,0,0,0.0,0,0,0,0.2,45,FWD
Romain,Esse,1,0,11,32,0,12.1,41.0,43.0,2,35,9.6,0,0,0,0.1,47,MID
Oliver,Glasner,0,0,90,0,0,0.0,0.0,0.0,0,0,0.0,0,0,0,6.4,8,AM
Armando,Broja,0,0,12,327,2,53.8,20.2,43.0,0,23,10.9,2,0,1,0.1,53,FWD
Abdoulaye,Doucouré,3,1,85,2425,32,349.5,326.4,330.0,5,305,100.2,10,1,3,0.6,51,MID
Norberto Bercique,Gomes Betuncal,7,0,74,1223,23,115.0,287.4,487.0,9,252,88.1,2,0,2,3.2,48,FWD
Jarrad,Branthwaite,0,1,80,2301,26,44.4,579.8,110.0,3,381,73.5,8,0,4,2.1,48,DEF
Dominic,Calvert-Lewin,3,2,59,1571,17,124.7,191.0,527.0,3,147,83.6,8,0,2,1.0,54,FWD
Séamus,Coleman,0,0,3,196,4,1.9,38.0,21.0,0,9,6.2,0,0,1,0.0,43,DEF
Idrissa,Gueye,0,3,81,2749,37,308.1,477.6,113.0,5,456,89.8,10,0,8,0.2,48,MID
James,Garner,0,1,35,1275,17,201.8,210.6,52.0,0,209,46.2,3,0,3,0.0,49,MID
Jack,Harrison,1,3,74,1881,25,501.6,258.4,257.0,4,269,101.1,6,0,0,0.2,52,MID
Mason,Holgate,0,0,1,5,1,0.0,0.0,0.0,0,-1,0.0,0,0,0,0.1,40,DEF
Tim,Iroegbunam,0,1,20,555,16,40.7,115.4,32.0,0,71,18.9,0,0,4,0.6,43,MID
João,Neves Virgínia,0,0,0,0,0,0.0,0.0,0.0,0,0,0.0,0,0,0,0.5,38,GK
Michael,Keane,2,0,32,850,19,22.9,228.6,84.0,3,80,33.7,2,0,5,4.1,38,DEF
Neal,Maupay,0,0,0,0,0,0.0,0.0,0.0,0,0,0.0,0,0,0,0.2,49,FWD
Dwight,McNeil,4,6,78,1227,24,558.9,311.2,192.0,6,345,106.4,4,0,1,1.2,51,MID
Vitalii,Mykolenko,0,2,97,2767,37,371.1,512.6,79.0,6,373,96.5,9,0,2,6.2,43,DEF
Iliman,Ndiaye,7,0,97,2203,23,302.2,499.0,418.0,18,453,122.2,13,0,3,1.3,52,FWD
Nathan,Patterson,0,1,15,306,5,39.1,40.0,10.0,0,41,9.0,0,0,0,0.0,44,DEF
Jordan,Pickford,0,1,137,3105,42,20.3,934.8,0.0,12,516,95.4,10,0,7,16.2,51,GK
James,Tarkowski,1,1,105,2922,38,188.8,859.0,217.0,8,468,126.9,10,0,6,2.1,48,DEF
Youssef,Ramalho Chermiti,0,0,2,41,0,0.5,2.2,27.0,0,6,3.0,0,0,1,0.0,49,FWD
Ashley,Young,1,4,83,1604,22,283.8,374.8,46.0,8,282,70.7,7,1,6,1.4,43,DEF
Carlos,Alcaraz Durán,1,2,28,539,7,157.6,129.8,154.0,3,127,44.3,0,0,3,0.1,47,MID
Jesper,Lindstrøm,0,1,44,1229,14,309.6,214.2,237.0,0,167,76.0,6,0,2,0.1,50,MID
Jake,O'Brien,2,0,52,1343,16,107.1,299.8,98.0,4,185,50.5,3,0,5,1.2,45,DEF
Harrison,Armstrong,0,0,2,47,1,10.9,1.8,9.0,0,1,2.2,0,0,1,0.1,44,MID
Jenson,Metcalfe,0,0,0,0,0,0.0,0.0,0.0,0,0,0.0,0,0,0,0.0,45,MID
Asmir,Begovic,0,0,0,0,0,0.0,0.0,0.0,0,0,0.0,0,0,0,0.2,40,GK
Roman,Dixon,0,0,0,90,4,0.3,15.4,0.0,0,0,1.6,0,0,0,0.1,40,DEF
Orel,Mangala,1,0,39,1257,10,133.5,172.8,106.0,0,175,41.4,5,0,2,0.0,50,MID
Callum,Bates,0,0,0,0,0,0.0,0.0,0.0,0,0,0.0,0,0,0,0.0,45,MID
Martin,Sherif,0,0,0,0,0,0.0,0.0,0.0,0,0,0.0,0,0,0,0.1,45,FWD
David,Moyes,0,0,94,0,0,0.0,0.0,0.0,0,0,0.0,0,0,0,13.4,5,AM
Isaac,Heath,0,0,0,0,0,0.0,0.0,0.0,0,0,0.0,0,0,0,0.0,45,MID
Coby,Ebere,0,0,0,0,0,0.0,0.0,0.0,0,0,0.0,0,0,0,0.0,45,MID
Reiss,Nelson,1,1,27,483,9,223.9,131.6,195.0,2,143,55.1,1,0,1,0.0,50,MID
Emile,Smith Rowe,6,2,107,1880,24,340.4,399.0,366.0,15,413,110.7,7,0,2,7.4,51,MID
Joachim,Andersen,0,0,49,2403,40,82.0,605.4,145.0,3,288,83.4,4,1,6,3.5,42,DEF
Adama,Traoré,2,6,83,1577,22,553.1,349.0,396.0,7,344,130.0,3,0,3,1.4,45,MID
Andreas,Hoelgebaum Pereira,2,6,77,1871,28,852.2,326.0,276.0,2,348,145.0,5,0,8,0.9,49,MID
Calvin,Bassey,1,0,73,2894,42,76.6,532.4,155.0,0,375,76.4,5,0,7,0.6,45,DEF
Steven,Benda,0,0,0,0,0,0.0,0.0,0.0,0,0,0.0,0,0,0,0.4,39,GK
Tom,Cairney,1,0,24,477,10,189.6,114.2,51.0,0,149,35.5,1,1,3,0.0,48,MID
Timothy,Castagne,0,1,46,1642,28,162.8,358.6,123.0,0,205,64.6,3,0,1,1.0,42,DEF
Issa,Diop,0,0,31,1334,19,44.7,257.6,83.0,0,146,38.3,1,0,2,0.2,43,DEF
Luke,Harris,0,0,0,0,0,0.0,0.0,0.0,0,0,0.0,0,0,0,0.0,45,MID
Alex,Iwobi,9,6,151,2797,39,829.3,763.2,647.0,16,674,224.1,6,0,1,6.5,56,MID
Bernd,Leno,0,2,105,3150,47,20.0,841.8,0.0,5,447,86.1,5,0,4,3.1,50,GK
Saša,Lukić,0,2,52,2173,33,403.2,316.0,98.0,1,330,81.7,4,0,12,0.0,48,MID
Kevin,Mbabu,0,0,0,0,0,0.0,0.0,0.0,0,0,0.0,0,0,0,0.1,40,DEF
Rodrigo,Muniz Carvalho,8,1,86,943,17,95.3,352.4,508.0,14,349,95.4,2,0,1,1.5,55,FWD
Raúl,Jiménez,10,3,127,2216,30,293.8,512.2,925.0,20,467,172.4,7,0,4,5.3,53,FWD
Tim,Ream,0,0,0,0,0,0.0,0.0,0.0,0,0,0.0,0,0,0,0.0,45,DEF
Harrison,Reed,0,0,10,100,3,20.6,18.6,33.0,0,36,7.1,0,0,2,0.0,47,MID
Antonee,Robinson,0,10,104,2988,45,678.6,831.2,196.0,8,482,170.8,5,0,8,17.4,48,DEF
Jay,Stansfield,0,0,1,1,0,0.0,0.0,0.0,0,2,0.0,0,0,0,0.0,50,FWD
Kenny,Tete,0,2,47,1503,19,155.4,302.2,139.0,0,198,59.6,3,0,4,0.2,44,DEF
Carlos Vinícius,Alves Morais,0,0,3,13,1,0.0,4.0,19.0,0,14,2.3,0,0,0,0.3,50,FWD
Harry,Wilson,5,2,68,991,17,292.3,263.4,301.0,6,273,84.9,2,0,2,0.2,52,MID
Ryan,Sessegnon,4,2,54,466,7,113.8,239.2,192.0,5,124,54.5,1,0,1,2.6,42,DEF
Jorge,Cuenca Barreno,0,0,7,258,6,2.0,58.4,4.0,0,30,6.3,0,0,0,0.0,44,DEF
Josh,King,0,0,7,78,0,37.3,21.4,24.0,0,25,8.4,1,0,0,0.1,44,MID
Martial,Godo,0,0,1,14,0,0.5,1.0,6.0,0,1,0.8,0,0,0,0.0,44,MID
Sander,Berge,0,0,50,2090,30,265.6,298.2,34.0,2,312,59.7,4,0,5,0.0,50,MID
Samuel,Amissah,0,0,0,0,0,0.0,0.0,0.0,0,0,0.0,0,0,0,0.0,40,DEF
Marco Alexandre,Saraiva da Silva,0,0,84,0,0,0.0,0.0,0.0,0,0,0.0,0,0,0,1.2,11,AM
Willian,Borges da Silva,0,0,12,235,3,101.6,25.6,23.0,0,48,15.1,1,0,0,0.0,50,MID
Julio,Enciso,2,3,52,950,19,215.9,194.2,279.0,3,201,68.3,2,0,3,0.1,54,MID
Ali,Al-Hamadi,0,0,8,125,5,25.7,5.6,32.0,0,15,6.0,0,0,3,0.2,47,FWD
Elkan,Baggott,0,0,0,0,0,0.0,0.0,0.0,0,0,0.0,0,0,0,0.0,40,DEF
Nathan,Broadhead,1,0,28,594,10,94.9,106.8,127.0,0,108,32.9,2,0,1,0.0,49,MID
Cameron,Burgess,0,2,23,1405,36,74.6,343.2,82.0,0,100,50.1,0,0,0,1.9,38,DEF
Wes,Burns,0,1,30,922,23,148.5,111.6,66.0,0,144,31.8,1,0,1,0.0,47,MID
Conor,Chaplin,1,2,37,679,16,121.8,97.6,86.0,0,131,30.0,1,0,1,0.1,51,MID
Harry,Clarke,0,0,1,377,10,24.4,48.2,35.0,0,-5,10.5,0,1,1,0.0,40,DEF
Leif,Davis,1,2,50,2562,66,769.1,459.0,128.0,5,170,135.5,2,1,5,0.9,42,DEF
Liam,Delap,12,2,128,2465,56,279.1,508.6,743.0,22,463,152.3,3,0,11,3.2,56,FWD
George,Edmundson,0,0,1,1,0,0.0,0.0,0.0,0,3,0.0,0,0,0,0.1,40,DEF
Jacob,Greaves,1,0,32,1890,47,42.1,500.2,135.0,0,139,67.8,2,0,5,2.4,38,DEF
Marcus,Myers-Harness,0,0,2,43,2,1.9,9.4,6.0,0,4,1.7,0,0,0,0.0,49,MID
George,Hirst,2,1,37,455,12,48.3,109.2,127.0,2,123,28.1,0,0,1,0.0,54,FWD
Cameron,Humphreys,0,0,0,0,0,0.0,0.0,0.0,0,0,0.0,0,0,0,0.0,45,MID
Omari,Giraud-Hutchinson,3,2,78,2270,55,369.9,333.4,354.0,6,298,105.9,3,0,5,0.2,52,MID
Ben,Johnson,1,2,29,1341,39,177.1,276.2,92.0,2,20,54.5,0,1,3,1.9,38,DEF
Freddie,Ladapo,0,0,0,0,0,0.0,0.0,0.0,0,0,0.0,0,0,0,0.4,45,FWD
Massimo,Luongo,0,0,11,191,6,6.4,31.6,2.0,0,39,4.1,0,0,0,0.2,43,MID
Sam,Morsy,1,1,60,2463,61,289.9,374.2,33.0,5,360,69.6,2,0,10,0.1,48,MID
Corrie,Ndaba,0,0,0,0,0,0.0,0.0,0.0,0,0,0.0,0,0,0,0.0,40,DEF
Cieran,Slicker,0,0,0,0,0,0.0,0.0,0.0,0,0,0.0,0,0,0,0.6,39,GK
Jack,Taylor,1,0,34,710,19,93.4,127.4,81.0,1,124,30.0,0,0,3,0.0,48,MID
Axel,Tuanzebe,0,1,22,1445,32,70.1,254.2,21.0,0,63,34.4,1,1,3,1.2,39,DEF
Christian,Walton,0,0,14,540,16,10.0,139.4,0.0,2,38,14.9,1,0,0,0.2,43,GK
Luke,Woolfenden,0,0,17,1142,28,6.1,241.4,8.0,0,81,25.7,1,0,2,1.2,39,DEF
Kalvin,Phillips,0,0,26,1209,30,114.7,179.2,37.0,0,163,33.0,1,1,4,0.1,48,MID
Arijanet,Muric,0,0,49,1620,33,0.0,531.2,0.0,5,186,53.1,1,0,1,0.5,44,GK
Jaden,Philogene,2,0,37,796,22,98.2,159.0,190.0,3,116,43.9,2,1,3,0.1,53,MID
Conor,Townsend,0,1,11,334,6,56.0,110.2,13.0,0,43,18.0,0,0,1,0.5,39,DEF
Sam,Szmodics,4,0,53,976,17,81.6,211.4,263.0,2,161,55.1,2,0,2,0.2,57,MID
Jens,Cajuste,1,0,54,1776,42,177.9,240.8,46.0,2,269,46.1,1,0,2,0.1,45,MID
Dara,O'Shea,0,2,44,2807,69,56.8,784.2,178.0,1,201,101.7,2,0,6,1.2,39,DEF
Jack,Clarke,0,4,48,1016,28,283.8,214.4,124.0,0,202,62.0,1,0,2,0.0,54,MID
Chiedozie,Ogbene,0,0,7,237,3,30.2,22.8,12.0,0,29,6.4,0,0,0,0.0,48,MID
Ben,Godfrey,0,0,-1,158,10,2.3,15.0,2.0,0,-27,1.9,0,0,1,0.0,40,DEF
Kieran,McKenna,0,0,45,0,0,0.0,0.0,0.0,0,0,0.0,0,0,0,0.1,5,AM
Alex,Palmer,0,0,17,945,27,10.0,299.8,0.0,0,66,30.9,0,0,2,0.1,45,GK
Somto,Boniface,0,0,0,0,0,0.0,0.0,0.0,0,0,0.0,0,0,0,0.0,40,DEF
Tom,Taylor,0,0,0,0,0,0.0,0.0,0.0,0,0,0.0,0,0,0,0.0,45,MID
Facundo,Buonanotte,4,2,67,1461,31,404.3,377.0,280.0,4,269,105.9,2,0,7,0.4,45,MID
Jordan,Ayew,5,0,66,1412,38,259.5,246.2,284.0,3,251,79.0,2,0,6,0.2,51,MID
Odsonne,Edouard,0,0,7,141,3,25.0,5.0,50.0,0,14,8.0,0,0,0,0.2,51,FWD
Boubakary,Soumaré,0,0,41,1949,50,245.0,260.8,45.0,0,295,55.2,0,0,8,0.3,44,MID
Tom,Cannon,0,0,0,0,0,0.0,0.0,0.0,0,0,0.0,0,0,0,0.3,45,FWD
Hamza,Choudhury,0,0,4,129,5,30.4,33.8,6.0,0,29,7.0,0,0,0,1.1,44,MID
Conor,Coady,0,0,18,1397,38,31.7,271.2,27.0,0,71,33.1,0,0,2,0.3,40,DEF
Patson,Daka,1,0,30,631,16,40.4,79.8,144.0,2,97,25.8,0,0,0,0.6,48,FWD
Bobby,De Cordova-Reid,1,4,48,734,17,84.4,102.2,72.0,2,145,26.0,1,0,2,0.1,52,MID
Wout,Faes,1,0,40,2497,59,67.2,604.8,114.0,0,182,78.7,1,0,4,4.9,38,DEF
Michael,Golding,0,0,0,0,0,0.0,0.0,0.0,0,0,0.0,0,0,0,0.2,44,MID
Mads,Hermansen,0,0,63,2385,58,0.2,827.0,0.0,1,231,82.8,1,0,1,0.4,44,GK
Daniel,Iversen,0,0,0,0,0,0.0,0.0,0.0,0,0,0.0,0,0,0,0.7,39,GK
James,Justin,2,1,51,2624,64,236.5,523.4,198.0,2,147,96.0,1,0,5,1.1,41,DEF
Victor,Kristiansen,0,1,32,2380,60,356.7,506.4,36.0,0,154,89.7,1,0,1,0.1,44,DEF
Wanya,Marçal-Madivádua,0,0,0,0,0,0.0,0.0,0.0,0,0,0.0,0,0,0,0.0,45,MID
Stephy,Mavididi,4,1,72,1606,38,375.3,339.2,302.0,5,270,101.5,1,0,2,0.3,50,MID
Kasey,McAteer,0,1,22,568,13,88.7,69.8,91.0,0,80,24.8,1,0,2,0.0,47,MID
Wilfred,Ndidi,0,4,54,2103,46,271.4,483.2,266.0,1,325,102.0,1,0,8,0.2,49,MID
Caleb,Okoli,1,0,26,1121,26,15.2,318.6,73.0,1,103,40.7,1,0,4,0.5,40,DEF
Ricardo,Barbosa Pereira,0,0,9,338,6,13.7,54.0,19.0,0,42,8.7,0,0,1,0.1,41,DEF
Harry,Souttar,0,0,0,0,0,0.0,0.0,0.0,0,0,0.0,0,0,0,0.0,40,DEF
Jakub,Stolarczyk,0,0,11,585,12,0.0,140.8,0.0,0,50,14.1,0,0,1,0.4,40,GK
Luke,Thomas,0,0,11,827,21,75.8,177.8,20.0,0,75,27.3,0,0,1,1.4,39,DEF
Jamie,Vardy,8,4,111,2617,66,255.3,409.0,672.0,13,411,133.2,2,0,5,4.7,53,FWD
Jannik,Vestergaard,0,0,11,1390,35,46.6,321.0,53.0,0,86,42.4,0,0,5,1.6,39,DEF
Danny,Ward,0,0,2,135,6,0.0,35.4,0.0,0,-5,3.6,0,0,0,2.1,39,GK
Harry,Winks,0,2,40,1536,34,319.6,272.8,37.0,0,282,63.2,0,0,4,4.8,43,MID
Oliver,Skipp,0,0,21,941,24,136.6,92.6,29.0,0,104,25.7,1,0,7,0.0,47,MID
Abdul,Fatawu,0,2,26,576,14,104.3,147.6,148.0,3,125,40.1,0,0,0,0.2,51,MID
Will,Alves,0,0,1,1,0,0.3,0.0,0.0,0,3,0.0,0,0,0,0.1,44,MID
Ben,Nelson,0,0,0,0,0,0.0,0.0,0.0,0,0,0.0,0,0,0,0.0,40,DEF
Bilal,El Khannouss,2,3,73,1961,52,494.1,329.8,150.0,6,332,97.2,1,0,4,0.2,48,MID
Henry,Cartwright,0,0,0,0,0,0.0,0.0,0.0,0,0,0.0,0,0,0,0.0,45,MID
Thomas,Wilson-Brown,0,0,0,0,0,0.0,0.0,0.0,0,0,0.0,0,0,0,0.0,40,DEF
Woyo,Coulibaly,0,0,1,107,6,3.4,24.4,24.0,0,-4,5.2,0,0,1,0.0,40,DEF
Ruud,van Nistelrooij,0,0,18,0,0,0.0,0.0,0.0,0,0,0.0,0,0,0,0.2,5,AM
Jeremy,Monga,0,0,3,28,1,0.4,6.0,2.0,0,6,0.8,0,0,0,0.0,45,MID
Olabade,Aluko,0,0,0,0,0,0.0,0.0,0.0,0,0,0.0,0,0,0,0.0,40,DEF
Jake,Evans,0,0,1,1,0,0.0,0.0,0.0,0,3,0.0,0,0,0,0.0,45,MID
Alisson,Ramses Becker,0,0,101,2148,20,13.0,466.6,0.0,9,394,47.8,10,0,0,8.6,55,GK
Trent,Alexander-Arnold,3,7,146,2238,22,794.4,702.6,259.0,13,593,175.4,12,0,5,17.4,72,DEF
Stefan,Bajčetić Maquieira,0,0,0,0,0,0.0,0.0,0.0,0,0,0.0,0,0,0,0.0,45,MID
Conor,Bradley,0,1,34,524,5,83.0,104.2,138.0,3,135,32.5,3,0,3,0.9,47,DEF
Bobby,Clark,0,0,0,0,0,0.0,0.0,0.0,0,0,0.0,0,0,0,0.0,45,MID
Darwin,Núñez Ribeiro,5,3,62,1002,17,124.4,249.2,361.0,6,235,72.7,2,0,8,1.9,70,FWD
Diogo,Teixeira da Silva,6,4,84,1086,10,165.7,300.6,509.0,4,228,96.7,7,0,2,2.7,72,MID
Ben,Doak,0,0,0,0,0,0.0,0.0,0.0,0,0,0.0,0,0,0,0.0,45,MID
Harvey,Elliott,0,1,16,189,1,92.3,46.4,82.0,0,58,22.2,0,0,1,0.2,52,MID
Endo,Wataru,0,0,17,157,2,17.9,30.0,4.0,0,55,5.1,0,0,0,0.1,46,MID
Cody,Gakpo,9,4,107,1614,19,447.4,526.8,580.0,17,494,155.6,5,0,5,5.0,72,FWD
Joe,Gomez,0,0,14,517,8,38.5,130.4,58.0,0,83,22.8,1,0,1,0.4,47,DEF
Ryan,Gravenberch,0,4,89,2921,29,449.1,536.2,111.0,1,547,109.8,14,0,5,0.7,50,MID
Curtis,Jones,3,5,80,1429,20,292.8,347.0,360.0,4,349,99.4,6,1,1,0.2,53,MID
Caoimhin,Kelleher,0,0,45,900,12,0.0,224.2,0.0,1,156,22.4,4,0,0,1.3,40,GK
Ibrahima,Konaté,1,2,102,2320,22,156.2,544.8,129.0,4,470,83.4,11,0,5,7.7,53,DEF
Luis,Díaz,12,7,172,2220,16,722.7,717.6,853.0,20,593,229.2,15,0,2,18.3,76,MID
Mohamed,Salah,28,18,328,3014,31,1081.7,1517.0,1845.0,52,1087,444.3,15,0,1,70.9,138,MID
Alexis,Mac Allister,5,5,117,2552,22,699.9,634.2,357.0,8,559,169.0,14,0,6,1.9,62,MID
James,McConnell,0,0,0,0,0,0.0,0.0,0.0,0,0,0.0,0,0,0,0.1,43,MID
Tyler,Morton,0,0,0,0,0,0.0,0.0,0.0,0,0,0.0,0,0,0,0.1,44,MID
Nathaniel,Phillips,0,0,0,0,0,0.0,0.0,0.0,0,0,0.0,0,0,0,0.1,40,DEF
Jarell,Quansah,0,0,10,308,6,17.1,87.0,13.0,0,40,11.8,0,0,1,1.1,39,DEF
Rhys,Williams,0,0,0,0,0,0.0,0.0,0.0,0,0,0.0,0,0,0,0.0,40,DEF
Andrew,Robertson,0,0,85,2305,29,637.1,364.6,173.0,4,379,117.2,10,1,3,4.1,58,DEF
Dominik,Szoboszlai,5,9,128,2251,24,725.2,509.0,557.0,14,542,178.6,12,0,6,2.8,62,MID
Konstantinos,Tsimikas,0,1,41,658,3,189.4,168.6,56.0,3,200,41.6,4,0,2,0.2,46,DEF
Virgil,van Dijk,2,1,135,3060,32,197.7,830.2,272.0,8,599,129.9,14,0,3,26.0,67,DEF
Federico,Chiesa,0,0,4,33,1,2.4,3.4,34.0,0,8,3.9,0,0,0,0.2,68,MID
Vítezslav,Jaros,0,0,1,11,0,0.0,8.8,0.0,0,6,0.9,0,0,0,0.1,40,GK
Harvey,Davies,0,0,0,0,0,0.0,0.0,0.0,0,0,0.0,0,0,0,0.0,40,GK
Treymaurice,Nyoni,0,0,0,0,0,0.0,0.0,0.0,0,0,0.0,0,0,0,0.0,45,MID
Amara,Nallo,0,0,0,0,0,0.0,0.0,0.0,0,0,0.0,0,0,0,0.0,40,DEF
Jayden,Danns,0,0,1,10,1,0.3,0.0,0.0,0,2,0.0,0,0,0,0.0,45,FWD
Arne,Slot,0,0,106,0,0,0.0,0.0,0.0,0,0,0.0,0,0,0,10.7,15,AM
Manuel,Akanji,0,0,47,1742,27,233.9,301.8,56.0,1,244,59.2,4,0,3,2.2,53,DEF
Nathan,Aké,0,0,25,677,11,33.7,104.6,20.0,0,121,15.9,3,0,0,0.8,53,DEF
Bernardo,Veiga de Carvalho e Silva,3,4,93,2397,36,710.3,530.8,488.0,10,495,173.0,7,0,7,2.6,61,MID
Oscar,Bobb,0,0,2,13,0,12.4,4.2,0.0,0,10,1.6,0,0,0,0.1,47,MID
Scott,Carson,0,0,0,0,0,0.0,0.0,0.0,0,0,0.0,0,0,0,0.2,39,GK
Kevin,De Bruyne,4,9,107,1531,19,798.6,446.0,371.0,12,435,161.3,8,0,2,8.5,94,MID
Jérémy,Doku,3,6,83,1387,13,462.0,437.0,449.0,3,407,135.1,7,0,1,1.5,62,MID
Ederson,Santana de Moraes,0,4,97,2050,25,43.0,526.8,0.0,9,350,56.9,8,0,3,5.0,53,GK
Phil,Foden,7,3,101,1688,24,719.0,440.4,438.0,10,438,159.3,5,0,2,4.7,91,MID
Jack,Grealish,1,1,37,709,9,321.4,155.2,234.0,4,184,71.1,2,0,3,0.2,64,MID
Joško,Gvardiol,5,0,137,3008,40,475.7,806.6,434.0,13,558,172.0,11,0,2,33.6,64,DEF
Erling,Haaland,21,3,171,2480,38,323.4,906.4,1408.0,26,750,264.0,7,0,2,22.0,148,FWD
Julián,Álvarez,0,0,0,0,0,0.0,0.0,0.0,0,0,0.0,0,0,0,0.1,70,FWD
João,Cavaco Cancelo,0,0,0,0,0,0.0,0.0,0.0,0,0,0.0,0,0,0,0.2,53,DEF
Mateo,Kovačić,6,2,104,2045,28,523.6,564.8,195.0,13,510,128.5,9,0,5,1.3,54,MID
Rico,Lewis,1,2,60,1813,27,207.2,289.0,131.0,1,263,62.6,4,1,3,3.6,43,DEF
Matheus Luiz,Nunes,1,5,70,1490,18,386.9,331.8,174.0,6,327,89.3,8,0,4,0.1,49,MID
James,McAtee,3,0,30,295,6,46.8,108.6,134.0,0,98,28.3,0,0,1,0.1,46,MID
Stefan,Ortega Moreno,0,0,35,1099,18,0.0,292.6,0.0,0,144,29.4,3,0,1,0.8,52,GK
Rodrigo 'Rodri',Hernandez,0,0,2,65,0,17.1,10.8,0.0,0,18,2.8,0,0,0,0.8,62,MID
Rúben,Gato Alves Dias,0,0,72,1999,20,156.0,397.0,118.0,3,337,67.2,9,0,4,3.9,54,DEF
John,Stones,2,0,29,544,11,49.8,155.6,70.0,2,92,27.4,1,0,1,1.0,53,DEF
Kyle,Walker,0,0,13,966,21,147.7,157.4,29.0,0,63,33.5,0,0,3,2.6,51,DEF
Sávio 'Savinho',Moreira de Oliveira,1,11,104,1730,25,659.9,410.0,659.0,15,433,173.2,8,0,3,2.7,62,MID
Nico,O'Reilly,2,0,30,511,3,76.2,133.4,110.0,4,118,32.0,3,0,0,0.4,49,MID
Ilkay,Gündogan,0,5,77,2044,28,685.3,312.2,221.0,2,381,121.9,8,0,1,0.5,63,MID
Issa,Kaboré,0,0,0,0,0,0.0,0.0,0.0,0,0,0.0,0,0,0,0.0,45,DEF
Jacob,Wright,0,0,0,0,0,0.0,0.0,0.0,0,0,0.0,0,0,0,0.0,45,MID
Jahmai,Simpson-Pusey,0,0,1,95,2,2.2,19.6,2.0,0,7,2.4,0,0,1,0.0,40,DEF
Josh,Wilson-Esbrand,0,0,0,0,0,0.0,0.0,0.0,0,0,0.0,0,0,0,0.0,40,DEF
Divin,Mubama,0,0,1,27,0,0.1,0.2,5.0,0,2,0.5,0,0,0,0.1,45,FWD
Max,Alleyne,0,0,0,0,0,0.0,0.0,0.0,0,0,0.0,0,0,0,0.0,40,DEF
Spike,Brits,0,0,0,0,0,0.0,0.0,0.0,0,0,0.0,0,0,0,0.0,40,GK
Abdukodir,Khusanov,0,0,14,503,6,33.9,102.0,4.0,0,78,14.1,2,0,1,0.4,50,DEF
Vitor,de Oliveira Nunes dos Reis,0,0,1,1,0,0.0,3.2,0.0,0,4,0.3,0,0,0,0.0,45,DEF
Pep,Guardiola,0,0,89,0,0,0.0,0.0,0.0,0,0,0.0,0,0,0,27.2,15,AM
Omar,Marmoush,6,1,62,997,12,218.5,282.4,355.0,10,273,85.4,6,0,0,29.8,76,FWD
Nico,González,0,1,22,649,6,71.0,87.8,34.0,0,87,19.0,5,0,3,0.0,60,MID
Claudio,Echeverri,0,0,0,0,0,0.0,0.0,0.0,0,0,0.0,0,0,0,0.0,58,MID
Amad,Diallo,6,7,107,1591,25,552.3,516.8,477.0,14,462,154.7,6,0,3,3.8,53,MID
Antony Matheus,dos Santos,0,0,8,135,2,50.7,35.0,74.0,0,37,15.8,0,0,0,0.2,57,MID
Bruno,Borges Fernandes,8,11,164,2757,44,1281.0,961.4,542.0,27,759,278.0,9,2,2,16.6,85,MID
Altay,Bayindir,0,0,0,90,4,0.0,18.2,0.0,0,-6,1.8,0,0,0,0.1,43,GK
Carlos Henrique,Casimiro,1,0,44,1330,20,318.8,404.0,238.0,3,274,96.2,4,0,3,0.4,46,MID
Diogo,Dalot Teixeira,0,4,94,2787,45,432.4,493.2,255.0,9,347,117.8,8,0,5,5.0,50,DEF
Christian,Eriksen,0,1,34,988,14,359.9,159.0,48.0,0,181,56.7,4,0,4,0.2,52,MID
Jonny,Evans,0,0,14,288,2,4.1,51.0,6.0,3,62,6.1,1,0,1,0.1,44,DEF
Alejandro,Garnacho,5,3,92,2047,31,441.8,384.0,865.0,4,321,168.3,5,0,2,4.7,59,MID
Hannibal,Mejbri,0,0,0,0,0,0.0,0.0,0.0,0,0,0.0,0,0,0,0.0,45,MID
Tom,Heaton,0,0,0,0,0,0.0,0.0,0.0,0,0,0.0,0,0,0,0.2,39,GK
Rasmus,Højlund,4,1,72,1738,28,221.4,177.6,333.0,8,240,72.4,5,0,2,1.0,69,FWD
Victor,Lindelöf,0,0,17,463,7,38.9,90.2,6.0,0,60,13.6,1,0,1,0.1,43,DEF
Harry,Maguire,1,0,39,1478,23,78.4,366.8,199.0,3,186,64.5,2,0,7,0.7,49,DEF
Kobbie,Mainoo,0,0,36,1412,21,230.6,166.8,123.0,0,197,52.4,5,0,5,1.7,52,MID
Tyrell,Malacia,0,0,2,99,1,13.9,5.2,0.0,0,2,1.7,0,0,1,0.0,44,DEF
Lisandro,Martínez,2,1,68,1751,27,153.9,426.6,158.0,5,293,73.8,6,0,7,2.3,43,DEF
Scott,McTominay,0,0,2,17,1,0.3,3.2,5.0,0,4,0.9,0,0,0,0.1,49,MID
Mason,Mount,0,0,12,365,7,79.6,32.0,93.0,0,20,19.8,1,0,3,0.1,63,MID
André,Onana,0,0,118,2970,43,13.0,714.4,0.0,8,430,72.8,9,0,0,5.2,49,GK
Facundo,Pellistri Rebollo,0,0,0,0,0,0.0,0.0,0.0,0,0,0.0,0,0,0,0.0,50,MID
Luke,Shaw,0,0,4,170,1,65.8,43.8,11.0,0,33,12.1,0,0,1,0.2,49,DEF
Joshua,Zirkzee,3,2,64,1385,24,212.0,222.6,351.0,6,216,78.0,3,0,2,1.5,65,FWD
Leny,Yoro,0,0,21,1064,21,43.3,187.0,54.0,0,85,28.5,1,0,5,0.2,43,DEF
Matthijs,de Ligt,2,0,68,2085,34,88.6,511.6,303.0,3,315,90.8,4,0,3,3.0,48,DEF
Noussair,Mazraoui,0,1,85,2637,40,301.2,564.6,117.0,5,387,98.2,7,0,2,7.7,42,DEF
Toby,Collyer,0,0,6,174,2,29.9,40.4,8.0,0,40,7.9,0,0,0,0.0,45,MID
Ethan,Wheatley,0,0,0,0,0,0.0,0.0,0.0,0,0,0.0,0,0,0,1.0,45,FWD
Manuel,Ugarte,1,1,44,1609,26,175.3,274.8,96.0,1,284,54.5,4,0,9,0.1,49,MID
Ayden,Heaven,0,0,2,95,1,0.7,28.2,2.0,0,20,3.1,0,0,0,0.1,40,DEF
Jack,Fletcher,0,0,0,0,0,0.0,0.0,0.0,0,0,0.0,0,0,0,0.0,45,MID
Harry,Amass,0,0,3,165,3,18.9,23.0,5.0,0,6,4.7,0,0,0,0.1,40,DEF
Jayce,Fitzgerald,0,0,0,0,0,0.0,0.0,0.0,0,0,0.0,0,0,0,0.0,45,MID
Godwill,Kukonki,0,0,0,0,0,0.0,0.0,0.0,0,0,0.0,0,0,0,0.0,40,DEF
Ruben Filipe,Marques Diogo Amorim,0,0,63,0,0,0.0,0.0,0.0,0,0,0.0,0,0,0,1.5,8,AM
Elyh,Harrison,0,0,0,0,0,0.0,0.0,0.0,0,0,0.0,0,0,0,0.0,40,GK
Patrick,Dorgu,0,0,8,584,9,109.0,72.0,92.0,0,59,27.2,1,1,3,0.2,45,DEF
Chido,Obi-Martin,0,0,4,61,1,4.3,8.2,28.0,0,15,3.9,0,0,1,0.2,45,FWD
Tyler,Fredricson,0,0,2,90,1,3.5,21.6,2.0,0,15,2.7,0,0,0,0.0,40,DEF
Jack,Moorhouse,0,0,0,0,0,0.0,0.0,0.0,0,0,0.0,0,0,0,0.0,45,MID
Sékou,Koné,0,0,0,0,0,0.0,0.0,0.0,0,0,0.0,0,0,0,0.0,45,MID
Hubert,Graczyk,0,0,0,0,0,0.0,0.0,0.0,0,0,0.0,0,0,0,0.0,40,GK
Dermot,Mee,0,0,0,0,0,0.0,0.0,0.0,0,0,0.0,0,0,0,0.0,40,GK
Alex,Murphy,0,0,0,0,0,0.0,0.0,0.0,0,0,0.0,0,0,0,0.5,40,DEF
Miguel,Almirón Rejala,0,0,10,150,3,40.9,15.2,57.0,0,36,11.3,0,0,0,0.3,54,MID
Harvey,Barnes,9,5,121,1404,20,335.9,492.0,573.0,13,415,140.2,5,0,0,5.8,60,MID
Sven,Botman,0,0,8,232,3,3.1,46.8,13.0,0,36,6.4,1,0,1,0.0,44,DEF
Bruno,Guimarães Rodriguez Moura,4,6,122,2913,41,697.7,636.6,383.0,10,596,172.0,12,0,6,3.2,62,MID
Dan,Burn,1,0,99,2970,42,106.4,630.2,237.0,7,408,97.5,12,0,10,11.7,45,DEF
Martin,Dúbravka,0,0,44,900,12,0.0,220.2,0.0,2,160,22.0,5,0,0,1.4,40,GK
Anthony,Gordon,6,6,117,2195,32,746.6,531.8,641.0,9,451,191.9,9,0,2,8.0,74,MID
Lewis,Hall,0,7,102,2188,31,561.2,561.6,128.0,11,443,125.3,8,0,3,4.6,47,DEF
Isaac,Hayden,0,0,0,0,0,0.0,0.0,0.0,0,0,0.0,0,0,0,0.1,44,MID
Alexander,Isak,22,6,198,2488,39,525.3,998.8,1201.0,33,807,271.5,11,0,1,62.2,96,FWD
Jacob,Murphy,8,12,149,2080,28,562.4,655.4,495.0,11,553,171.1,10,0,3,18.2,53,MID
Joelinton Cássio,Apolinário de Lira,4,4,99,2394,32,389.3,469.8,465.0,11,374,132.7,10,0,10,1.1,60,MID
Lloyd,Kelly,0,1,12,299,6,29.0,80.6,20.0,0,40,12.6,0,0,2,0.1,42,DEF
Emil,Krafth,0,0,16,282,2,14.1,52.8,13.0,0,50,8.1,1,0,0,0.1,43,DEF
Garang,Kuol,0,0,0,0,0,0.0,0.0,0.0,0,0,0.0,0,0,0,0.1,44,MID
Jamaal,Lascelles,0,0,0,0,0,0.0,0.0,0.0,0,0,0.0,0,0,0,0.0,45,DEF
Jamal,Lewis,0,0,0,0,0,0.0,0.0,0.0,0,0,0.0,0,0,0,0.1,40,DEF
Tino,Livramento,0,1,92,2475,37,329.6,500.6,92.0,5,407,92.3,9,0,1,9.4,46,DEF
Sean,Longstaff,0,1,33,782,11,78.4,117.0,76.0,0,128,27.3,2,0,2,0.3,44,MID
Lewis,Miley,1,0,19,242,4,30.5,79.8,43.0,1,80,15.4,0,0,0,0.0,50,MID
Odysseas,Vlachodimos,0,0,0,0,0,0.0,0.0,0.0,0,0,0.0,0,0,0,0.1,42,GK
Nick,Pope,0,0,87,2160,32,10.0,577.8,0.0,2,323,58.6,7,0,2,6.2,50,GK
John,Ruddy,0,0,0,0,0,0.0,0.0,0.0,0,0,0.0,0,0,0,0.3,39,GK
Fabian,Schär,4,1,104,2575,39,103.0,670.6,260.0,3,389,102.9,10,1,7,4.7,56,DEF
Matt,Targett,0,0,2,20,0,5.6,5.0,0.0,0,7,1.0,0,0,0,0.3,39,DEF
Sandro,Tonali,3,2,89,2265,31,355.2,448.0,247.0,7,438,105.1,10,0,5,0.8,55,MID
Kieran,Trippier,0,3,69,1182,16,357.3,292.8,30.0,8,265,68.2,6,0,1,6.1,57,DEF
Joe,White,0,0,0,0,0,0.0,0.0,0.0,0,0,0.0,0,0,0,0.1,45,MID
Joe,Willock,0,2,44,933,14,260.3,161.4,175.0,0,129,59.2,4,0,2,0.1,47,MID
Callum,Wilson,0,0,14,255,6,18.2,8.4,46.0,0,31,6.7,0,0,1,0.2,69,FWD
Miodrag,Pivaš,0,0,0,0,0,0.0,0.0,0.0,0,0,0.0,0,0,0,0.1,40,DEF
William,Osula,1,0,17,96,3,12.5,41.4,27.0,1,56,8.1,0,0,0,0.2,49,FWD
Eddie,Howe,0,0,83,0,0,0.0,0.0,0.0,0,0,0.0,0,0,0,9.2,15,AM
Sean,Neave,0,0,0,0,0,0.0,0.0,0.0,0,0,0.0,0,0,0,0.0,45,FWD
Álex,Moreno Lopera,0,1,34,952,16,134.5,200.8,29.0,1,126,36.4,3,0,2,0.4,42,DEF
Ola,Aina,2,1,124,2644,34,233.2,534.0,75.0,15,456,84.3,12,0,2,12.4,52,DEF
Elliot,Anderson,2,6,101,2374,33,545.3,577.0,266.0,8,492,139.2,12,0,7,0.3,50,MID
Taiwo,Awoniyi,1,0,31,391,10,40.9,67.0,118.0,0,86,21.9,1,0,0,0.3,55,FWD
Willy,Boly,0,0,6,146,1,0.4,51.0,17.0,0,26,6.8,0,0,1,0.1,42,DEF
Josh,Bowler,0,0,0,0,0,0.0,0.0,0.0,0,0,0.0,0,0,0,0.0,45,MID
Carlos Miguel,dos Santos Pereira,0,0,0,0,0,0.0,0.0,0.0,0,0,0.0,0,0,0,0.1,41,GK
Eric,da Silva Moreira,0,0,2,28,0,0.3,5.2,0.0,0,9,0.6,0,0,0,0.1,43,MID
Danilo,dos Santos de Oliveira,0,0,10,264,3,4.7,30.2,0.0,0,41,3.4,1,0,0,0.0,47,MID
Emmanuel,Dennis,0,0,0,0,0,0.0,0.0,0.0,0,0,0.0,0,0,0,0.2,49,FWD
Nicolás,Domínguez,0,1,47,1659,23,224.2,362.0,189.0,0,257,77.5,7,0,8,0.0,48,MID
Anthony,Elanga,6,9,137,2136,30,651.6,555.4,487.0,13,463,169.6,12,0,1,8.2,54,MID
Morgan,Gibbs-White,5,10,127,2453,30,696.7,563.2,550.0,12,493,181.0,12,1,8,5.9,64,MID
Callum,Hudson-Odoi,5,3,101,2150,22,654.2,436.8,401.0,7,443,148.8,11,0,2,1.4,51,MID
Alex,Mighten,0,0,0,0,0,0.0,0.0,0.0,0,0,0.0,0,0,0,0.0,45,MID
Murillo,Santiago Costa dos Santos,1,0,117,2928,41,197.7,825.0,173.0,16,493,119.7,12,0,5,5.1,48,DEF
Neco,Williams,1,2,97,2228,26,251.5,524.2,212.0,5,377,98.9,10,0,6,3.6,45,DEF
Omar,Richards,0,0,0,0,0,0.0,0.0,0.0,0,0,0.0,0,0,0,0.0,45,DEF
Lewis,O'Brien,0,0,0,0,0,0.0,0.0,0.0,0,0,0.0,0,0,0,0.0,50,MID
Andrew,Omobamidele,0,0,0,0,0,0.0,0.0,0.0,0,0,0.0,0,0,0,0.0,42,DEF
Jonathan,Panzo,0,0,0,0,0,0.0,0.0,0.0,0,0,0.0,0,0,0,0.0,40,DEF
Ibrahim,Sangaré,0,1,13,289,2,51.1,71.0,21.0,0,57,14.3,1,0,2,1.2,43,MID
Matz,Sels,0,1,142,3060,41,10.1,852.8,0.0,11,490,86.7,13,0,3,19.9,51,GK
Harry,Toffolo,0,0,4,135,2,4.1,40.2,6.0,0,18,5.1,0,0,1,0.1,42,DEF
Hwang,Ui-jo,0,0,0,0,0,0.0,0.0,0.0,0,0,0.0,0,0,0,0.8,45,FWD
Chris,Wood,19,3,186,2598,32,263.0,788.4,799.0,39,708,185.2,15,0,1,28.4,70,FWD
Joe,Worrall,0,0,0,0,0,0.0,0.0,0.0,0,0,0.0,0,0,0,0.0,45,DEF
Ryan,Yates,2,2,64,1848,26,229.1,331.2,261.0,3,296,82.4,6,0,9,0.1,48,MID
Nikola,Milenković,4,2,132,2970,40,96.2,694.8,315.0,2,451,110.4,13,0,4,17.8,52,DEF
João Pedro,Ferreira Silva,3,2,49,826,16,182.7,217.8,234.0,0,204,63.7,1,0,5,0.1,59,MID
Ramón,Sosa,1,0,24,256,5,102.7,84.2,104.0,0,97,28.8,1,0,1,0.1,55,MID
Felipe,Rodrigues da Silva,0,0,36,785,11,9.4,183.2,22.0,2,123,21.7,3,0,2,0.1,45,DEF
Zach,Abbott,0,0,0,0,0,0.0,0.0,0.0,0,0,0.0,0,0,0,0.0,40,DEF
Wayne,Hennessey,0,0,0,0,0,0.0,0.0,0.0,0,0,0.0,0,0,0,0.0,40,GK
Nuno Herlander,Simões Espírito Santo,0,0,61,0,0,0.0,0.0,0.0,0,0,0.0,0,0,0,5.3,11,AM
Aaron,Ramsdale,0,0,82,2385,62,0.1,873.4,0.0,8,263,87.5,2,0,2,1.4,44,GK
Cameron,Archer,2,0,53,1344,33,79.5,110.6,339.0,4,137,52.5,2,0,0,1.2,48,FWD
Lesley,Ugochukwu,1,1,45,1489,38,206.3,255.0,77.0,3,197,53.6,1,0,5,0.3,44,MID
Ryan,Fraser,0,0,7,303,12,26.8,35.8,13.0,0,31,6.7,0,1,0,0.0,48,MID
Samuel,Amo-Ameyaw,0,0,1,26,0,16.1,4.0,6.0,0,1,2.6,0,0,1,0.1,44,MID
Joe,Aribo,3,0,70,1903,54,288.9,361.4,242.0,7,374,89.4,1,0,1,0.1,49,MID
Adam,Armstrong,2,3,45,1246,35,143.7,154.4,262.0,2,145,56.0,2,0,4,0.5,51,FWD
Gavin,Bazunu,0,0,0,0,0,0.0,0.0,0.0,0,0,0.0,0,0,0,0.1,43,GK
Jan,Bednarek,2,0,52,2396,57,77.6,713.6,71.0,2,241,86.2,2,0,7,2.1,40,DEF
Armel,Bella-Kotchap,0,0,2,329,13,2.3,64.6,4.0,0,7,7.0,0,0,0,0.4,39,DEF
James,Bree,0,1,16,890,29,152.4,167.8,41.0,0,63,36.1,0,0,0,0.3,39,DEF
Shea,Charles,0,0,0,0,0,0.0,0.0,0.0,0,0,0.0,0,0,0,0.0,45,MID
Samuel,Edozie,0,0,1,64,0,19.0,9.8,22.0,0,6,5.1,0,0,1,0.0,49,MID
Ronnie,Edwards,0,0,1,12,1,0.1,5.0,0.0,0,-1,0.5,0,0,0,0.2,39,DEF
Taylor,Harwood-Bellis,1,0,48,2608,63,211.7,660.8,229.0,2,232,110.3,2,0,8,4.4,40,DEF
Kamaldeen,Sulemana,1,2,48,1159,33,161.6,155.0,258.0,2,147,57.1,2,0,1,0.0,50,MID
Adam,Lallana,0,2,17,352,8,82.4,81.2,21.0,1,74,18.4,0,0,4,0.0,50,MID
Juan,Larios López,0,0,0,0,0,0.0,0.0,0.0,0,0,0.0,0,0,0,0.1,39,DEF
Mateusz,Lis,0,0,0,0,0,0.0,0.0,0.0,0,0,0.0,0,0,0,0.1,40,GK
Joe,Lumley,0,0,8,270,7,0.0,102.2,0.0,0,22,10.2,0,0,0,0.4,40,GK
Ryan,Manning,0,2,32,1411,35,443.2,283.8,67.0,0,148,79.3,1,0,2,0.1,43,DEF
Sékou,Mara,0,0,0,0,0,0.0,0.0,0.0,0,0,0.0,0,0,0,0.0,50,FWD
Alex,McCarthy,0,0,12,450,13,0.0,166.4,0.0,0,32,16.7,0,0,0,0.1,42,GK
Paul,Onuachu,4,1,49,973,25,123.4,210.4,447.0,4,149,77.1,1,0,4,0.3,49,FWD
Will,Smallbone,1,0,22,604,21,144.2,101.4,56.0,0,105,30.1,0,0,1,0.0,50,MID
Jack,Stephens,1,0,24,1209,29,67.7,239.6,51.0,2,82,35.9,1,2,2,0.3,40,DEF
Ross,Stewart,0,0,9,281,8,9.3,12.2,18.0,0,21,3.9,1,0,1,1.6,44,FWD
Sugawara,Yukinari,1,1,42,1458,44,290.1,282.6,135.0,0,106,70.6,2,0,4,0.1,42,DEF
Charlie,Taylor,0,0,5,263,10,26.5,72.6,2.0,0,16,10.2,0,0,1,3.2,39,DEF
Kyle,Walker-Peters,0,3,53,2873,77,393.5,488.8,235.0,3,228,111.4,2,0,5,0.3,42,DEF
Nathan,Wood-Gordon,0,0,13,622,16,19.4,94.8,14.0,2,42,13.0,1,0,2,1.1,40,DEF
Maxwel,Cornet,0,0,1,71,4,3.5,11.6,7.0,0,12,2.2,0,0,1,0.0,47,MID
Flynn,Downes,1,0,42,1834,45,275.7,241.8,116.0,0,265,63.6,3,0,10,0.0,47,MID
Ben,Brereton Díaz,0,0,13,446,10,63.6,21.8,81.0,0,43,16.8,0,0,1,0.1,48,MID
Tyler,Dibling,2,2,62,1687,48,337.4,259.8,262.0,4,237,86.0,2,0,6,1.4,43,MID
Mateus Gonçalo,Espanha Fernandes,2,3,84,2630,62,572.6,480.4,353.0,7,469,140.8,4,0,8,0.1,50,MID
Joseph,O'Brien-Whitmarsh,0,0,0,0,0,0.0,0.0,0.0,0,0,0.0,0,0,0,0.0,45,MID
Welington Damascena,Santos,0,0,6,211,6,42.7,58.0,9.0,0,19,10.9,0,0,1,0.0,40,DEF
Joachim,Kayi-Sanda,0,0,0,0,0,0.0,0.0,0.0,0,0,0.0,0,0,0,0.0,40,DEF
Albert,Grønbæk,0,0,6,141,3,11.4,15.8,9.0,0,13,3.7,0,0,0,0.0,49,MID
Simon,Rusk,0,0,27,0,0,0.0,0.0,0.0,0,0,0.0,0,0,0,0.1,5,AM
Jay,Robinson,0,0,1,1,1,11.8,5.2,0.0,0,4,1.7,0,0,0,0.0,45,FWD
Dominic,Solanke-Mitchell,8,5,100,2118,41,199.1,459.2,712.0,6,369,135.6,4,0,0,4.7,73,FWD
Ashley,Phillips,0,0,0,0,0,0.0,0.0,0.0,0,0,0.0,0,0,0,0.1,40,DEF
Brandon,Austin,0,0,1,90,2,0.0,20.0,0.0,0,7,2.0,0,0,0,0.4,40,GK
Rodrigo,Bentancur,2,0,47,1514,23,206.5,313.6,165.0,1,280,68.8,3,0,7,0.1,49,MID
Lucas,Bergvall,0,2,44,1200,25,218.7,237.2,97.0,0,216,55.0,3,0,3,0.9,44,MID
Yves,Bissouma,2,0,45,1200,22,130.7,253.4,58.0,4,243,44.5,3,0,7,0.2,48,MID
Bryan,Gil Salvatierra,0,0,0,0,0,0.0,0.0,0.0,0,0,0.0,0,0,0,0.0,50,MID
Ben,Davies,0,0,26,1035,19,40.3,278.0,47.0,0,148,36.7,3,0,3,0.2,43,DEF
Alfie,Devine,0,0,0,0,0,0.0,0.0,0.0,0,0,0.0,0,0,0,0.0,45,MID
Radu,Drăgușin,0,0,24,1250,29,58.1,256.4,47.0,0,96,36.2,2,0,1,0.2,43,DEF
Emerson,Leite de Souza Junior,0,0,0,0,0,0.0,0.0,0.0,0,0,0.0,0,0,0,0.0,45,DEF
Fraser,Forster,0,0,19,630,15,0.0,221.0,0.0,0,64,22.2,1,0,0,0.3,43,GK
Archie,Gray,0,0,38,1390,32,51.4,219.8,13.0,0,225,28.5,2,0,0,0.2,46,MID
Pierre-Emile,Højbjerg,0,0,0,0,0,0.0,0.0,0.0,0,0,0.0,0,0,0,0.0,50,MID
Brennan,Johnson,11,6,134,2078,34,294.7,559.4,749.0,13,455,159.7,2,0,5,2.6,62,MID
Dejan,Kulusevski,7,4,114,2278,40,828.0,603.8,720.0,9,420,215.0,6,0,3,2.3,62,MID
Giovani,Lo Celso,0,0,0,0,0,0.0,0.0,0.0,0,0,0.0,0,0,0,0.0,49,MID
James,Maddison,9,8,133,1799,32,702.3,683.4,495.0,15,592,187.8,6,0,6,4.2,74,MID
Pedro,Porro,2,6,99,2459,41,893.3,759.2,192.0,6,456,184.6,6,0,4,17.3,53,DEF
Sergio,Reguilón,0,0,1,121,1,20.2,20.8,11.0,0,17,5.2,0,0,2,0.2,41,DEF
Richarlison,de Andrade,4,1,31,403,6,56.7,179.8,233.0,0,132,46.7,1,0,2,0.4,68,FWD
Cristian,Romero,1,1,49,1416,22,113.1,343.2,232.0,3,245,69.0,3,0,3,3.5,49,DEF
Pape Matar,Sarr,3,2,65,1624,35,237.4,365.2,207.0,4,334,80.5,2,0,6,0.2,47,MID
Dane,Scarlett,0,1,6,31,1,11.0,24.4,17.0,0,20,5.2,0,0,0,0.7,44,FWD
Manor,Solomon,0,0,0,0,0,0.0,0.0,0.0,0,0,0.0,0,0,0,0.0,54,MID
Son,Heung-min,7,10,126,2001,33,729.9,628.6,688.0,12,540,204.7,4,0,1,4.2,97,MID
Djed,Spence,1,2,47,1513,32,206.3,379.4,98.0,6,210,68.5,3,1,2,0.9,44,DEF
Destiny,Udogie,0,1,43,1833,31,255.6,347.4,132.0,0,243,73.7,2,0,2,1.5,48,DEF
Micky,van de Ven,0,2,31,949,15,39.3,195.4,57.0,2,139,29.2,2,0,4,2.4,45,DEF
Alejo,Véliz,0,0,0,0,0,0.0,0.0,0.0,0,0,0.0,0,0,0,0.0,50,FWD
Guglielmo,Vicario,0,0,63,1980,32,0.0,542.4,0.0,2,289,54.0,4,0,1,1.9,48,GK
Timo,Werner,0,3,34,504,12,148.0,114.6,113.0,2,120,37.1,1,0,0,0.1,62,MID
Alfie,Whiteman,0,0,0,0,0,0.0,0.0,0.0,0,0,0.0,0,0,0,1.7,39,GK
Will,Lankshear,0,0,3,10,0,0.0,0.0,0.0,0,7,0.0,0,0,0,1.0,45,FWD
Mikey,Moore,0,2,14,180,1,42.7,23.4,30.0,0,37,9.4,0,0,0,0.2,45,MID
Wilson,Odobert,0,0,19,532,11,93.0,45.0,115.0,0,55,25.3,1,0,0,0.0,53,MID
Callum,Olusesi,0,0,0,0,0,0.0,0.0,0.0,0,0,0.0,0,0,0,0.0,45,MID
Malachi,Hardy,0,0,0,0,0,0.0,0.0,0.0,0,0,0.0,0,0,0,0.0,40,DEF
Luca,Williams-Barnett,0,0,0,0,0,0.0,0.0,0.0,0,0,0.0,0,0,0,0.0,45,MID
Alfie,Dorrington,0,0,1,13,0,0.2,1.0,0.0,0,4,0.1,0,0,0,0.0,40,DEF
Maeson,King,0,0,0,0,0,0.0,0.0,0.0,0,0,0.0,0,0,0,0.0,40,DEF
Antonín,Kinsky,0,0,12,360,7,10.1,102.6,0.0,0,52,11.2,1,0,0,0.1,41,GK
Min-Hyeok,Yang,0,0,0,0,0,0.0,0.0,0.0,0,0,0.0,0,0,0,0.0,45,MID
Damola,Ajayi,0,0,0,0,0,0.0,0.0,0.0,0,0,0.0,0,0,0,0.0,45,MID
Ange,Postecoglou,0,0,53,0,0,0.0,0.0,0.0,0,0,0.0,0,0,0,0.3,11,AM
Dante,Cassanova,0,0,0,0,0,0.0,0.0,0.0,0,0,0.0,0,0,0,0.0,40,DEF
Kevin,Danso,0,0,12,482,9,32.3,127.8,55.0,0,71,21.5,1,0,0,0.0,44,DEF
Mathys,Tel,2,0,30,556,13,144.9,118.4,180.0,2,107,43.8,2,0,0,0.1,58,MID
Evan,Ferguson,1,0,27,375,9,68.2,77.8,104.0,2,92,24.7,1,0,0,0.3,55,FWD
Aaron,Wan-Bissaka,2,3,93,2794,55,465.1,684.6,169.0,10,406,131.9,5,0,1,4.9,44,DEF
Edson,Álvarez Velázquez,0,1,37,1632,29,196.0,253.8,49.0,0,209,49.9,3,1,6,0.1,50,MID
Michail,Antonio,1,4,42,834,18,139.5,72.0,194.0,3,111,39.5,4,0,1,0.8,52,FWD
Alphonse,Areola,0,0,57,1989,38,0.0,546.2,0.0,0,222,54.8,3,0,0,6.9,42,GK
Jarrod,Bowen,9,10,155,2632,46,700.0,726.0,916.0,15,559,233.9,7,0,1,11.3,77,MID
Vladimír,Coufal,0,0,19,856,19,107.5,174.6,39.0,1,58,31.8,1,0,4,0.4,41,DEF
Aaron,Cresswell,0,0,27,583,6,114.9,115.8,5.0,3,109,23.5,2,0,2,1.8,39,DEF
George,Earthy,0,0,0,0,0,0.0,0.0,0.0,0,0,0.0,0,0,0,0.0,45,MID
Emerson,Palmieri dos Santos,2,1,73,2011,40,308.1,411.8,171.0,4,208,89.1,5,0,5,0.6,44,DEF
Łukasz,Fabiański,0,0,36,1070,20,0.3,362.2,0.0,2,132,36.1,2,0,2,10.7,40,GK
Wes,Foderingham,0,0,0,0,0,0.0,0.0,0.0,0,0,0.0,0,0,0,0.1,42,GK
Danny,Ings,1,3,32,270,4,76.5,97.0,159.0,4,110,33.4,0,0,0,1.2,49,FWD
Max,Kilman,0,1,72,2988,58,199.0,759.8,140.0,5,346,110.2,5,0,4,1.3,43,DEF
Mohammed,Kudus,4,3,90,2332,43,479.4,402.2,697.0,4,316,157.7,6,1,1,2.5,62,MID
Luis Guilherme,Lira dos Santos,0,0,11,128,5,47.1,24.6,27.0,0,44,9.8,0,0,0,0.0,46,MID
Lucas,Tolentino Coelho de Lima,4,1,78,2253,48,607.1,413.4,258.0,5,353,127.6,4,0,8,0.9,57,MID
Konstantinos,Mavropanos,0,0,41,1936,38,74.0,458.6,160.0,4,206,69.3,2,1,4,0.1,43,DEF
Nayef,Aguerd,0,0,0,0,0,0.0,0.0,0.0,0,0,0.0,0,0,0,0.0,44,DEF
Tomáš,Souček,8,2,111,2247,41,222.3,584.6,565.0,13,389,136.4,6,0,8,1.4,48,MID
James,Ward-Prowse,0,2,37,1196,16,276.4,199.2,75.0,0,211,55.2,4,1,2,0.5,61,MID
Kurt,Zouma,0,0,0,0,0,0.0,0.0,0.0,0,0,0.0,0,0,0,0.1,44,DEF
Andy,Irving,0,0,9,161,4,26.5,37.6,17.0,0,38,8.1,0,0,2,0.0,47,MID
Crysencio,Summerville,1,1,33,776,20,246.1,156.4,186.0,2,129,58.7,2,0,2,0.3,55,MID
Guido,Rodríguez,0,0,29,1016,18,62.1,168.6,23.0,0,165,25.5,3,0,5,0.1,48,MID
Niclas,Füllkrug,3,2,36,583,15,150.8,171.2,173.0,3,140,48.6,2,0,2,0.8,67,FWD
Jean-Clair,Todibo,0,0,44,1483,29,34.4,305.2,26.0,1,189,36.6,4,0,2,0.3,42,DEF
Kaelan,Casey,0,0,1,1,0,0.0,2.0,0.0,0,3,0.2,0,0,0,0.2,40,DEF
Carlos,Soler,1,1,45,1336,24,248.0,172.0,163.0,2,204,58.3,2,0,5,0.0,50,MID
Ollie,Scarles,0,0,27,588,8,41.8,92.2,20.0,2,88,15.5,2,0,1,0.2,40,DEF
Ezra,Mayers,0,0,0,0,0,0.0,0.0,0.0,0,0,0.0,0,0,0,0.0,40,DEF
Lewis,Orford,0,0,2,47,1,27.6,6.4,6.0,0,13,4.0,0,0,0,0.0,45,MID
Graham,Potter,0,0,60,0,0,0.0,0.0,0.0,0,0,0.0,0,0,0,0.8,5,AM
Sam,Johnstone,0,0,12,630,17,10.0,193.8,0.0,0,42,20.4,0,0,0,0.3,41,GK
Rayan,Aït-Nouri,4,7,122,2868,60,565.5,714.0,381.0,13,416,166.3,7,1,5,14.3,50,DEF
Boubacar,Traoré,0,0,1,1,0,0.0,4.0,0.0,0,3,0.4,0,0,0,0.0,48,MID
Jean-Ricner,Bellegarde,2,6,83,1543,26,387.2,330.4,190.0,5,295,90.1,6,0,3,0.2,49,MID
Daniel,Bentley,0,0,7,90,0,0.0,11.4,0.0,1,24,1.1,1,0,0,1.7,39,GK
Francisco Jorge,Tomás Oliveira,0,0,1,6,0,14.3,3.0,2.0,0,4,1.9,0,0,0,0.1,45,MID
Tawanda,Chirewa,0,0,0,0,0,0.0,0.0,0.0,0,0,0.0,0,0,0,0.0,45,MID
Leon,Chiwome,0,0,0,0,0,0.0,0.0,0.0,0,0,0.0,0,0,0,1.1,44,FWD
Luke,Cundle,0,0,0,0,0,0.0,0.0,0.0,0,0,0.0,0,0,0,0.1,45,MID
Matheus,Santos Carneiro Da Cunha,15,7,175,2425,51,770.0,915.0,844.0,41,820,252.6,7,0,3,13.6,70,FWD
Craig,Dawson,0,1,17,969,25,31.3,204.2,55.0,1,57,29.1,1,0,2,0.1,42,DEF
Matt,Doherty,2,1,72,1961,36,167.1,473.8,133.0,4,288,77.5,6,0,6,0.3,43,DEF
Tommy,Doyle,0,1,28,474,10,101.7,114.6,34.0,0,128,25.3,0,0,1,0.0,47,MID
Fábio,Silva,0,0,0,0,0,0.0,0.0,0.0,0,0,0.0,0,0,0,0.1,50,FWD
Nathan,Fraser,0,0,0,0,0,0.0,0.0,0.0,0,0,0.0,0,0,0,1.0,45,FWD
Enso,González,0,0,0,0,0,0.0,0.0,0.0,0,0,0.0,0,0,0,0.0,44,MID
Gonçalo Manuel,Ganchinho Guedes,2,4,57,767,19,168.2,201.4,161.0,2,177,52.7,3,0,1,0.1,53,MID
Hugo,Bueno López,0,0,0,0,0,0.0,0.0,0.0,0,0,0.0,0,0,0,0.0,45,DEF
Hwang,Hee-chan,2,1,36,637,18,72.0,111.2,84.0,0,126,26.6,0,0,0,0.3,61,MID
Joe,Hodge,0,0,0,0,0,0.0,0.0,0.0,0,0,0.0,0,0,0,0.2,45,MID
Ki-Jana,Hoever,0,0,0,0,0,0.0,0.0,0.0,0,0,0.0,0,0,0,0.1,40,DEF
João Victor,Gomes da Silva,3,1,84,2781,55,405.8,480.6,221.0,7,436,110.7,6,1,8,0.2,49,MID
José,Malheiro de Sá,0,0,88,2430,45,20.0,550.8,0.0,4,281,57.1,7,0,2,2.9,44,GK
Saša,Kalajdžić,0,0,0,0,0,0.0,0.0,0.0,0,0,0.0,0,0,0,0.0,48,FWD
Tom,King,0,0,0,0,0,0.0,0.0,0.0,0,0,0.0,0,0,0,1.2,40,GK
Mario,Lemina,1,3,47,1363,39,166.7,356.8,120.0,5,252,64.4,1,0,4,0.1,48,MID
Yerson,Mosquera,0,0,3,441,12,27.3,110.2,21.0,0,24,16.0,0,0,2,0.7,38,DEF
Nélson,Cabral Semedo,0,4,82,2664,44,344.1,468.8,135.0,0,285,94.9,8,0,7,0.6,45,DEF
Pedro,Cardoso de Lima,0,0,2,69,2,34.8,23.4,11.0,0,9,6.9,0,0,0,1.2,39,DEF
Daniel,Castelo Podence,0,0,2,46,2,1.1,3.0,1.0,0,9,0.4,0,0,0,0.0,55,MID
Rodrigo,Martins Gomes,2,0,38,658,16,176.0,181.2,104.0,0,168,45.8,1,0,0,0.1,51,MID
Santiago,Bueno,0,0,51,1675,34,14.8,338.4,80.0,2,171,43.4,5,0,2,0.1,43,DEF
Pablo,Sarabia,3,2,47,703,13,214.4,209.2,175.0,3,168,59.7,1,0,3,0.1,50,MID
Jørgen,Strand Larsen,13,2,129,2465,48,275.2,572.8,807.0,15,508,165.1,7,0,4,4.6,54,FWD
Toti António,Gomes,0,1,77,2343,38,137.5,549.8,98.0,8,353,78.6,8,0,6,0.3,43,DEF
Bastien,Meupiyou,0,0,0,0,0,0.0,0.0,0.0,0,0,0.0,0,0,0,0.2,39,DEF
André,Trindade da Costa Neto,0,0,56,2249,41,242.1,338.6,29.0,1,395,60.7,7,0,7,0.0,50,MID
Carlos Roberto,Forbs Borges,0,0,9,236,9,24.2,25.8,35.0,0,35,8.3,0,0,2,0.0,54,MID
Alfie,Pond,0,0,1,1,0,0.0,0.0,0.0,0,3,0.0,0,0,0,0.7,39,DEF
Tom,Edozie,0,0,0,0,0,0.0,0.0,0.0,0,0,0.0,0,0,0,0.0,45,MID
Wes,Okoduwa,0,0,0,0,0,0.0,0.0,0.0,0,0,0.0,0,0,0,0.0,40,DEF
Emmanuel,Agbadou,0,0,37,1140,15,54.5,308.2,32.0,1,198,39.4,4,0,2,0.4,40,DEF
Vítor Manuel,de Oliveira Lopes Pereira,0,0,100,0,0,0.0,0.0,0.0,0,0,0.0,0,0,0,5.5,8,AM
Nasser,Djiga,0,0,4,20,0,1.2,3.6,0.0,0,11,0.5,0,0,0,0.0,45,DEF
Marshall,Munetsi,1,2,38,878,7,99.7,130.4,155.0,2,99,38.6,5,0,0,0.1,50,MID
Mateus,Mané,0,0,0,0,0,0.0,0.0,0.0,0,0,0.0,0,0,0,0.0,45,FWD
